url,status,pos,neg,margin,blur,reason,save
https://www.aklpoliklinik.com/images/gallery/39532445668210WhatsApp-Gorsel-2024-03-05-saat-14.20.12_d37e3ff6-1024x922.jpg,rejected,0.23284265398979187,0.13071733713150024,0.10212531685829163,974.9647143969191,clip_threshold,
https://i.ytimg.com/vi/t8Nruo9g5es/mqdefault.jpg,rejected,,,,,too_small 320x180,
https://firsat.me/img/big1024/38422_5f859d0e2ef9a_1920x1080.jpg,rejected,0.2550893723964691,0.14607016742229462,0.1090192049741745,1387.4846947921942,clip_threshold,
https://image.jpnn.com/resize/570x380-80/arsip/normal/2021/09/18/ketua-mpr-ri-bambang-soesatyo-atau-bamsoet-saat-berada-di-ak-ivrf.jpg,error,,,,,download: 403 Client Error: Forbidden for url: https://image.jpnn.com/resize/570x380-80/arsip/normal/2021/09/18/ketua-mpr-ri-bambang-soesatyo-atau-bamsoet-saat-berada-di-ak-ivrf.jpg,
https://lookaside.fbsbx.com/lookaside/crawler/media/?media_id=100069560391115,error,,,,,download: cannot identify image file <_io.BytesIO object at 0x161988e00>,
https://i.ytimg.com/vi/J6u1eVTKjpk/maxresdefault.jpg,rejected,0.1941678822040558,0.205124631524086,-0.010956749320030212,938.4785790523381,clip_threshold,
https://statik.tempo.co/data/2021/12/24/id_1076081/1076081_720.jpg,rejected,,,,,too_small 720x446,
https://s3-eu-west-1.amazonaws.com/tpd/logos/63c1283946061d086acedf2a/0x0.png,rejected,,,,,blur=86.9 < 100.0,
https://lookaside.fbsbx.com/lookaside/crawler/media/?media_id=386201010375242,error,,,,,download: cannot identify image file <_io.BytesIO object at 0x1619e7a10>,
https://lookaside.fbsbx.com/lookaside/crawler/instagram/aklclinic/profile_pic.jpg,error,,,,,download: cannot identify image file <_io.BytesIO object at 0x16138d3f0>,
https://lh5.googleusercontent.com/p/AF1QipMwQ8IPtcH487HBxoBs30JrTgfIOwvS4-lk7EwO=s406-k-no,rejected,,,,,too_small 387x406,
https://lookaside.fbsbx.com/lookaside/crawler/media/?media_id=343590664646059,error,,,,,download: cannot identify image file <_io.BytesIO object at 0x1619c0e00>,
https://www.imphair.eu/media/cache/resolve/meta_opengraph/images/establishment/establishment/64fc2016ba567241257277.png,rejected,0.23446467518806458,0.15075264871120453,0.08371202647686005,824.7128016596216,clip_threshold,
https://lh5.googleusercontent.com/p/AF1QipNZ3OxqbRqekdg7RBdXOGTe4GAYLdZxmxcaa77Y=s516-k-no,rejected,,,,,too_small 516x290,
https://lh5.googleusercontent.com/p/AF1QipMHlpi1hH_QICF8qcB78qN0G1PGnRTnS5S45W39=s476-k-no,rejected,,,,,too_small 476x338,
https://lookaside.instagram.com/seo/google_widget/crawler/?media_id=3690169847182207211,error,,,,,download: cannot identify image file <_io.BytesIO object at 0x1619c1490>,
https://lookaside.fbsbx.com/lookaside/crawler/media/?media_id=9618723701567878&get_thumbnail=1,error,,,,,download: cannot identify image file <_io.BytesIO object at 0x1619c0f90>,
https://lookaside.instagram.com/seo/google_widget/crawler/?media_id=3705320334767088692,error,,,,,download: cannot identify image file <_io.BytesIO object at 0x16198a9d0>,
https://lookaside.instagram.com/seo/google_widget/crawler/?media_id=3685124509815785678,error,,,,,download: cannot identify image file <_io.BytesIO object at 0x16798aac0>,
https://lookaside.fbsbx.com/lookaside/crawler/media/?media_id=991618189833518,error,,,,,download: cannot identify image file <_io.BytesIO object at 0x16194e610>,
https://lookaside.instagram.com/seo/google_widget/crawler/?media_id=3690166474341031177,error,,,,,download: cannot identify image file <_io.BytesIO object at 0x1619c1d50>,
https://rm.id/files/konten/berita/kunjungi-rumah-perawatan-kulit-akl-clinic-bamsoet-harap-dunia-usaha-di-bali-segera-bangkit_91602.jpg,rejected,,,,,too_small 750x390,
https://lh5.googleusercontent.com/p/AF1QipPAYf3L8NL1zA3FHWiK9B8PPLWGPNA1ir6bn_Wv=s395-k-no,rejected,,,,,too_small 395x290,
https://lookaside.instagram.com/seo/google_widget/crawler/?media_id=3588753840558315572,error,,,,,download: cannot identify image file <_io.BytesIO object at 0x16135ac50>,
https://lookaside.instagram.com/seo/google_widget/crawler/?media_id=3695220098497022778,error,,,,,download: cannot identify image file <_io.BytesIO object at 0x1619e7b00>,
https://lookaside.instagram.com/seo/google_widget/crawler/?media_id=3668440186861472349,error,,,,,download: cannot identify image file <_io.BytesIO object at 0x162f72f70>,
https://www.emphealthtravel.com/uimages/DSC09561_1-3-scaled.jpg,rejected,0.24810805916786194,0.14177927374839783,0.10632878541946411,832.9420205476513,clip_threshold,
https://aklclinic.com/wp-content/uploads/2023/05/AKL-Clinic-Products-Toner.png,rejected,,,,,too_small 300x300,
https://share.trustpilot.com/images/company-rating?locale=en-US&businessUnitId=63c1283946061d086acedf2a,rejected,0.2727722227573395,0.16415269672870636,0.10861952602863312,672.7539978734716,clip_threshold,
https://avatars.mds.yandex.net/get-altay/7631654/2a000001856e6182d797027e58e697dd33b9/L_height,rejected,,,,,too_small 500x281,
https://lookaside.instagram.com/seo/google_widget/crawler/?media_id=3659819012340850563,error,,,,,download: cannot identify image file <_io.BytesIO object at 0x162f72070>,
https://i.ytimg.com/vi/hneIS97oDh8/maxresdefault.jpg,rejected,0.23735114932060242,0.18977874517440796,0.04757240414619446,959.6653158942315,clip_threshold,
https://awsimages.detik.net.id/community/media/visual/2020/10/31/ketua-mpr-ri-bambang-soesatyo.jpeg?w=1200,rejected,0.24892878532409668,0.19831863045692444,0.05061015486717224,556.9877914860415,clip_threshold,
https://image.made-in-china.com/202f0j00cQBoHsnaAKqI/Akl-A250L-Multiple-Angles-Adjustable-Floor-Operating-Room-LED-Surgical-Light-for-Clinic-ICU-Surgery.webp,rejected,,,,,too_small 550x550,
https://i.ytimg.com/vi/LMQkJrCBJo8/maxresdefault.jpg,rejected,0.237631693482399,0.19688154757022858,0.04075014591217041,875.9301323341607,clip_threshold,
https://aklclinic.com/wp-content/uploads/2023/03/Homepage-AKL-Clinic-Treatments-Messo-Fat-Burner.jpg,rejected,,,,,too_small 600x400,
https://lookaside.fbsbx.com/lookaside/crawler/media/?media_id=903140712024382,error,,,,,download: cannot identify image file <_io.BytesIO object at 0x16138d800>,
https://www.imphair.eu/media/cache/resolve/clinic_details_images_gallery/images/establishment/establishment/64fc20cc44dfa814589021.jpg,rejected,0.28989148139953613,0.21092379093170166,0.07896769046783447,322.36554632638894,clip_threshold,
https://www.aklpoliklinik.com/images/uploads/5297221757733-905-4372687126930-96-hairrrrr-.png,rejected,,,,,blur=26.8 < 100.0,
https://lookaside.instagram.com/seo/google_widget/crawler/?media_id=3652337252241804032,error,,,,,download: cannot identify image file <_io.BytesIO object at 0x16198aca0>,
https://lookaside.instagram.com/seo/google_widget/crawler/?media_id=3605334024220633699,error,,,,,download: cannot identify image file <_io.BytesIO object at 0x16138d760>,
https://www.imphair.eu/media/cache/resolve/clinic_details_images_gallery/images/establishment/establishment/64fc20e19e40c910537066.jpg,rejected,0.3121766746044159,0.21221667528152466,0.09995999932289124,189.79982194950617,clip_threshold,
https://static-pano.maps.yandex.ru/v1/?panoid=1247325885_806756982_23_1726837308&size=500%2C240&azimuth=-42.9&tilt=10&api_key=maps&signature=jvl1oPvF_v1lQxWCdG0PnhGvkPeSs1RRklW_fQ5F-yg=,rejected,,,,,too_small 500x240,
https://www.imphair.eu/media/cache/resolve/clinic_details_images_gallery/images/establishment/establishment/64e5bb0069110489596274.jpg,rejected,0.23643673956394196,0.14957021176815033,0.08686652779579163,517.8109737880426,clip_threshold,
https://www.tiktok.com/api/img/?itemId=7185502302759931141&location=0&aid=1988,error,,,,,download: 403 Client Error: Forbidden for url: https://www.tiktok.com/api/img/?itemId=7185502302759931141&location=0&aid=1988,
https://media.licdn.com/dms/image/v2/D4D05AQFp-0sZ6tsqKw/videocover-high/B4DZQYgZf.HYBw-/0/1735577995203?e=2147483647&v=beta&t=XqJkqvQhWqpWa3-PyJY4UDjJaFEpQq5_EjOzEoD6grM,rejected,,,,,too_small 404x720,
https://www.aklpoliklinik.com/images/services/service_ameliyatsiz421152308.png,rejected,,,,,too_small 390x390,
https://lookaside.fbsbx.com/lookaside/crawler/media/?media_id=4054606048147366&get_thumbnail=1,error,,,,,download: cannot identify image file <_io.BytesIO object at 0x1613a4310>,
https://i.ytimg.com/vi/Jm3Qjawj9As/hq720.jpg?sqp=-oaymwEhCK4FEIIDSFryq4qpAxMIARUAAAAAGAElAADIQj0AgKJD&rs=AOn4CLBJn_pzW1ndULSf5o92R1g2dfI72w,rejected,,,,,too_small 686x386,
https://lookaside.instagram.com/seo/google_widget/crawler/?media_id=3270185975056167030,error,,,,,download: cannot identify image file <_io.BytesIO object at 0x16138db20>,
https://files.sikayetvar.com/complaint/2451/24518475/ozel-akl-polikliniginin-tek-amaci-para-1.jpg,rejected,0.23424766957759857,0.18616251647472382,0.048085153102874756,1647.5465697227155,clip_threshold,
https://files.sikayetvar.com/lg/cmp/23/238541.png?1666010736,rejected,,,,,too_small 400x222,
https://lookaside.instagram.com/seo/google_widget/crawler/?media_id=3701566324774693066,error,,,,,download: cannot identify image file <_io.BytesIO object at 0x162f713a0>,
https://avatars.mds.yandex.net/get-altay/13671691/2a00000192efabb8f6168218709e69e58cd9/L_height,rejected,,,,,too_small 500x375,
https://aklclinic.com/wp-content/uploads/2023/03/Homepage-AKL-Clinic-Treatments-Hair-Transplant.jpg,rejected,,,,,too_small 600x400,
https://lookaside.instagram.com/seo/google_widget/crawler/?media_id=3644505178101407175,error,,,,,download: cannot identify image file <_io.BytesIO object at 0x16191f790>,
https://www.imphair.eu/media/cache/resolve/clinic_details_images/images/establishment/establishment/64e5bd3459280712706986.jpg,rejected,,,,,too_small 500x500,
https://imgv2-2-f.scribdassets.com/img/document/149702345/original/491e59a71e/1?v=1,rejected,0.17823997139930725,0.17034853994846344,0.007891431450843811,2407.5250854492188,clip_threshold,
https://www.aklpoliklinik.com/images/uploads/1660328804071-272-8590165327733-850-reco-blog.jpg,rejected,,,,,blur=51.0 < 100.0,
https://lookaside.fbsbx.com/lookaside/crawler/media/?media_id=708856542147016&get_thumbnail=1,error,,,,,download: cannot identify image file <_io.BytesIO object at 0x16132cae0>,
https://share.trustpilot.com/images/company-rating?locale=it-IT&businessUnitId=63c1283946061d086acedf2a,rejected,0.24601194262504578,0.18277022242546082,0.06324172019958496,755.4110685805423,clip_threshold,
https://avatars.mds.yandex.net/get-altay/9827107/2a000001895336f733b4582cc6f778c054b2/L_height,rejected,,,,,too_small 500x333,
https://lookaside.fbsbx.com/lookaside/crawler/media/?media_id=694564633370143&get_thumbnail=1,error,,,,,download: cannot identify image file <_io.BytesIO object at 0x16194d620>,
https://www.doktoron.com/wp-content/uploads/2023/10/akl-poliklinik.jpeg,rejected,0.2261236011981964,0.15995606780052185,0.06616753339767456,726.1084157615201,clip_threshold,
https://www.tiktok.com/api/img/?itemId=7325728397559074054&location=0&aid=1988,error,,,,,download: 403 Client Error: Forbidden for url: https://www.tiktok.com/api/img/?itemId=7325728397559074054&location=0&aid=1988,
https://avatars.mds.yandex.net/get-altay/14105192/2a00000192f5a9a08ad84d1862d05aab778e/L_height,rejected,,,,,too_small 375x500,
https://s3-eu-west-1.amazonaws.com/tpd/logos/5e58b5837170470001dca7ff/0x0.png,rejected,0.25714361667633057,0.18524526059627533,0.07189835608005524,183.34670781893004,clip_threshold,
https://images.tokopedia.net/img/cache/700/VqbcmM/2024/7/11/5c2187e2-b32a-4617-b883-f6e7bfb04cac.jpg,rejected,,,,,blur=82.7 < 100.0,
https://rm.id/config/thumbnail.php?file=../images/berita/med/kunjungi-rumah-perawatan-kulit-akl-clinic-bamsoet-harap-dunia-usaha-di-bali-segera-bangkit_91602.jpg&width=185&height=137,rejected,,,,,too_small 185x137,
https://lookaside.instagram.com/seo/google_widget/crawler/?media_id=3672797632014934774,error,,,,,download: cannot identify image file <_io.BytesIO object at 0x16132c2c0>,
https://firsat.me/img/big/38422_5f8064b056cb8_545x340.jpg,rejected,,,,,too_small 545x340,
https://aklclinic.com/wp-content/uploads/2023/05/AKL-Clinic-Products-Facial-Cleanser.png,rejected,,,,,too_small 300x300,
https://lookaside.instagram.com/seo/google_widget/crawler/?media_id=3603931545205527396,error,,,,,download: cannot identify image file <_io.BytesIO object at 0x16135a430>,
https://www.aklpoliklinik.com/en/wp-content/uploads/2023/01/when-should-hair-be-shaved-after-hair-transplant-1-576x320.jpg,error,,,,,download: cannot identify image file <_io.BytesIO object at 0x162f73150>,
https://media.licdn.com/dms/image/v2/C4D1BAQHX2_gIN2IpeQ/company-background_10000/company-background_10000/0/1616666980220/akl_poliklinik_cover?e=2147483647&v=beta&t=NwlCoo16C7CBq49ZmQXHUS_euBw96rhJVa-6PPc34jA,rejected,,,,,too_small 1128x191,
https://avatars.mds.yandex.net/get-altay/9686455/2a000001895336fef7bc952d903c389eb8f8/L_height,rejected,,,,,too_small 500x333,
https://www.nethaberler.com/images/haber/sac-ekiminde-en-iyi-sac-ekim-merkezi-akl-poliklinik-145812-20250408.jpeg,rejected,,,,,too_small 612x280,
https://lookaside.fbsbx.com/lookaside/crawler/media/?media_id=1314565006276050&get_thumbnail=1,error,,,,,download: cannot identify image file <_io.BytesIO object at 0x162f72930>,
https://www.tiktok.com/api/img/?itemId=7016674633831304450&location=0&aid=1988,error,,,,,download: 403 Client Error: Forbidden for url: https://www.tiktok.com/api/img/?itemId=7016674633831304450&location=0&aid=1988,
https://lookaside.instagram.com/seo/google_widget/crawler/?media_id=3666925713313565215,error,,,,,download: cannot identify image file <_io.BytesIO object at 0x16191f790>,
https://www.aklpoliklinik.com/images/uploads/6028042531835-189-hair-conclusion.jpg,rejected,,,,,blur=51.5 < 100.0,
https://static.where-e.com/Turkey/Antalya_Province/Avsallar/Avsallar-Derman-Klnk_74fab32d2d039c48a94e55569ebb0c7a.jpg,rejected,0.22706419229507446,0.14775823056697845,0.07930596172809601,647.2375101234447,clip_threshold,
https://www.mikrobiyolbul.org/managete/fu_folder/2016-04/images/2016-50-4-559-568-Tablo4.jpg,rejected,,,,,too_small 1032x361,
https://lookaside.fbsbx.com/lookaside/crawler/media/?media_id=632803056419090&get_thumbnail=1,error,,,,,download: cannot identify image file <_io.BytesIO object at 0x162fab1f0>,
https://www.nethaberler.com/images/haber/img_2859jpeg-151648-20250408.jpeg,rejected,,,,,too_small 700x393,
https://lookaside.instagram.com/seo/google_widget/crawler/?media_id=3674928459293349439,error,,,,,download: cannot identify image file <_io.BytesIO object at 0x161359350>,
https://www.aklpoliklinik.com/images/gallery/13607636663621dsaasd-1024x751.jpg,approved,0.26938512921333313,0.127119243144989,0.14226588606834412,143.31573764875608,,output/approved/Akl_Clinic_klinik/7cf7795297.jpg
https://firsat.me/img/big1024/38422_5f80640d7ca59_1920x1080.jpg,rejected,,,,,blur=62.1 < 100.0,
https://www.advancechemjournal.com/images/editorial-board/mohamed-r-akl.jpg,rejected,,,,,too_small 200x200,
https://static.where-e.com/Turkey/Istanbul_Province/Siyavuspasa/Aurora-Turkey-Clinic_thumb_badbb59475051b3ce93607c0f2f4e8f5.jpg,rejected,,,,,too_small 450x253,
https://lh5.googleusercontent.com/p/AF1QipOn94jqekPrh8ULhwa3uldrZ_gcYKdmUOXDdaZA=w1260-h920-k-no,rejected,0.252451628446579,0.18200425803661346,0.07044737040996552,203.32841755891405,clip_threshold,
https://media.springernature.com/lw685/springer-static/image/art%3A10.1007%2Fs00392-019-01509-8/MediaObjects/392_2019_1509_Figa_HTML.png,rejected,,,,,too_small 685x421,
https://www.tiktok.com/api/img/?itemId=7110118048605932801&location=0&aid=1988,error,,,,,download: 403 Client Error: Forbidden for url: https://www.tiktok.com/api/img/?itemId=7110118048605932801&location=0&aid=1988,
https://avesis.ksbu.edu.tr/user/image/299,rejected,,,,,too_small 319x319,
https://lookaside.instagram.com/seo/google_widget/crawler/?media_id=3608961639934513143,error,,,,,download: cannot identify image file <_io.BytesIO object at 0x162fe62a0>,
https://lookaside.instagram.com/seo/google_widget/crawler/?media_id=2391117764591842030,error,,,,,download: cannot identify image file <_io.BytesIO object at 0x1613e76f0>,
https://aklclinic.com/wp-content/uploads/2023/05/AKL-Clinic-Products-Anti-Aging-Serum.png,rejected,,,,,too_small 300x300,
https://aklclinic.com/wp-content/uploads/2023/05/AKL-Clinic-Doctors-Dr.I-Made-Setiadji.jpg,error,,,,,"download: HTTPSConnectionPool(host='aklclinic.com', port=443): Max retries exceeded with url: /wp-content/uploads/2023/05/AKL-Clinic-Doctors-Dr.I-Made-Setiadji.jpg (Caused by SSLError(SSLEOFError(8, '[SSL: UNEXPECTED_EOF_WHILE_READING] EOF occurred in violation of protocol (_ssl.c:1032)')))",
https://sonnamedika.com/wp-content/uploads/2025/03/PELANGGAN-1024x472.png,rejected,,,,,too_small 1024x472,
https://ristraclinic.co.id/media/5e3da1b6-af8c-4c02-9314-fb055687c4da/0dd1956e79280f2207616d14bb391fe2.png,error,,,,,"download: HTTPSConnectionPool(host='ristraclinic.co.id', port=443): Read timed out. (read timeout=15)",
https://www.aklpoliklinik.com/images/uploads/1538505682833-836-923293554582-647-fue-blog.jpg,rejected,,,,,blur=24.7 < 100.0,
https://www.aklpoliklinik.com/images/gallery/23120817124675DSC07049-1024x690.jpg,approved,0.30460408329963684,0.13868016004562378,0.16592392325401306,212.52814286415887,,output/approved/Akl_Clinic_klinik/5a4ad9c1ae.jpg
https://www.aklpoliklinik.com/images/blog/blog_dhi-hair-transplant398256786.png,rejected,,,,,too_small 550x320,
https://media.licdn.com/dms/image/v2/C4E03AQGIp6ajMF3jLw/profile-displayphoto-shrink_100_100/profile-displayphoto-shrink_100_100/0/1640701926025?e=2147483647&v=beta&t=K9-kZ29nM8MjeGLHu4PHte5VYDo51yQv80obbwfvixQ,rejected,,,,,too_small 100x100,
https://lookaside.fbsbx.com/lookaside/crawler/media/?media_id=1465919397741436&get_thumbnail=1,error,,,,,download: cannot identify image file <_io.BytesIO object at 0x1619e4450>,
https://lookaside.fbsbx.com/lookaside/crawler/media/?media_id=1224828662658629&get_thumbnail=1,error,,,,,download: cannot identify image file <_io.BytesIO object at 0x16798b100>,
https://lookaside.fbsbx.com/lookaside/crawler/media/?media_id=1736087560610952&get_thumbnail=1,error,,,,,download: cannot identify image file <_io.BytesIO object at 0x16198a200>,
https://www.mikrobiyolbul.org/managete/fu_folder/2016-04/images/2016-50-4-559-568-Sekil1.jpg,rejected,0.1967485249042511,0.16376501321792603,0.03298351168632507,941.8398360695046,clip_threshold,
https://www.tiktok.com/api/img/?itemId=7473076812537400584&location=0&aid=1988,error,,,,,download: 403 Client Error: Forbidden for url: https://www.tiktok.com/api/img/?itemId=7473076812537400584&location=0&aid=1988,
https://autoklinik-brunn.at/graphik/akl_logo.png,rejected,,,,,too_small 810x225,
https://lookaside.fbsbx.com/lookaside/crawler/media/?media_id=1216251990003896&get_thumbnail=1,error,,,,,download: cannot identify image file <_io.BytesIO object at 0x16138db20>,
https://files.sikayetvar.com/complaint/3288/32888262/berkay-tulpar-clinic-sac-ekimi-sonrasi-hayal-kirikligi-ve-klinik-ilgisizligi-4.jpg,rejected,0.2604518532752991,0.22077353298664093,0.03967832028865814,472.60855833003114,clip_threshold,
https://www.sacekimisonuclari.com/index.php?action=dlattach;topic=30318.0;attach=448265;image,rejected,,,,,too_small 500x296,
https://www.sacekimisonuclari.com/index.php?action=dlattach;topic=27020.0;attach=401849;image,rejected,,,,,too_small 500x375,
https://www.doktoron.com/wp-content/uploads/2022/06/ozel-clinichair-polikliginigi.webp,rejected,0.15187878906726837,0.14924931526184082,0.0026294738054275513,410.3887893891653,clip_threshold,
https://i.redd.it/does-this-look-like-4200-grafts-fue-3-5-months-post-op-v0-mf5mc858r40c1.png?width=1080&format=png&auto=webp&s=ee6084e97df4ec3966290b70d19af7c2377131a7,rejected,0.25905606150627136,0.21837030351161957,0.040685757994651794,148.4976313370171,clip_threshold,
https://www.aklpoliklinik.com/images/uploads/editor_why-more-people-are-choosing-hair-transplants-scaled64275228.jpg,error,,,,,download: cannot identify image file <_io.BytesIO object at 0x1619c3ba0>,
https://www.medpoint.az/wp-content/uploads/profil-selcuk-kaya-280px.webp,rejected,,,,,too_small 280x374,
https://i1.rgstatic.net/ii/profile.image/596143373307904-1519143064727_Q512/Benjamin-Pollock.jpg,rejected,,,,,too_small 512x512,
https://www.sacekimisonuclari.com/index.php?action=dlattach;topic=30318.0;attach=448247;image,rejected,,,,,too_small 282x500,
https://static.where-e.com/Turkey/Istanbul_Province/Kultur/Rhinoplasty-Turkey-Aesthetic-Clinic-Istanbul-Nose-Job-Tummy-Tuck-Vaser-Liposuction-Plastic-Surgery_thumb_6c6a08c61f011f21bf7bd9b48c0b2014.jpg,rejected,,,,,too_small 450x800,
https://d2v96fxpocvxx.cloudfront.net/new/ecbfe058-16b4-48ee-945f-aeecbad1b86a/articles/raed.galenos.2020.30974/jtsc-12-83-g2.png,rejected,0.15596848726272583,0.13238626718521118,0.02358222007751465,576.3910287287816,clip_threshold,
https://pub.mdpi-res.com/osteology/osteology-02-00020/article_deploy/html/images/osteology-02-00020-g001.png?1671021530,rejected,0.16676472127437592,0.15317481756210327,0.013589903712272644,143.97082967651247,clip_threshold,
https://www.sacekimisonuclari.com/index.php?action=dlattach;topic=22687.0;attach=342070;image,rejected,,,,,too_small 500x333,
https://i1.rgstatic.net/ii/profile.image/272802041298962-1442052483936_Q512/Mirko-Doss.jpg,rejected,,,,,too_small 512x512,
https://app.istaonline.org/figures/16543.jpg,rejected,0.18561124801635742,0.1555357277393341,0.030075520277023315,692.1490987280558,clip_threshold,
https://movementdisorders.onlinelibrary.wiley.com/cms/asset/28bf4775-86fa-4390-8667-39813512c226/mds.v40.5.cover.jpg?trick=1755689741125,error,,,,,download: 403 Client Error: Forbidden for url: https://movementdisorders.onlinelibrary.wiley.com/cms/asset/28bf4775-86fa-4390-8667-39813512c226/mds.v40.5.cover.jpg?trick=1755689741125,
https://media.licdn.com/dms/image/v2/C5603AQFTW621RcWYjQ/profile-displayphoto-shrink_100_100/profile-displayphoto-shrink_100_100/0/1654798757555?e=2147483647&v=beta&t=yUqkTk5PYYPwfLLHAmB56Uy0Mmul6nTIk-w1aFJaTTg,rejected,,,,,too_small 100x100,
https://pub.mdpi-res.com/jpm/jpm-15-00383/article_deploy/html/images/jpm-15-00383-ag.png?1755504773,rejected,0.17111535370349884,0.14648190140724182,0.02463345229625702,297.309199721115,clip_threshold,
https://files.sikayetvar.com/complaint/3288/32888262/berkay-tulpar-clinic-sac-ekimi-sonrasi-hayal-kirikligi-ve-klinik-ilgisizligi-5_350x350.jpg,rejected,,,,,too_small 350x350,
"https://medicaltourism.com.tr/cdn-cgi/image/width=,height=,format=webp,quality=70/https://mediclinic.blob.core.windows.net/$web/18533ffe-51b7-1790-89bb-c29fb00d4000.jpg",rejected,,,,,blur=11.3 < 100.0,
https://preview.redd.it/does-this-look-like-4200-grafts-fue-3-5-months-post-op-v0-xon6mgs7r40c1.png?width=1080&crop=smart&auto=webp&s=ab161effc4e928923405e1828d989fc62b59a419,rejected,0.22796355187892914,0.18139560520648956,0.046567946672439575,220.6162731257989,clip_threshold,
https://i0.wp.com/megaklinikzahran.my/wp-content/uploads/2025/08/WhatsApp-Image-2025-08-19-at-16.54.54_69dd5ef3.jpg?fit=1024%2C1280&ssl=1,rejected,0.18986736238002777,0.1753193736076355,0.014547988772392273,2011.7905524281955,clip_threshold,
https://fi.realself.com/1080/combined/c/b/1/Hair-Transplant-before-5263985-after-5263986-1-12254823.png,rejected,,,,,too_small 727x517,
https://i1.rgstatic.net/ii/profile.image/273797630656515-1442289850722_Q512/Anne-Curtis-4.jpg,rejected,,,,,too_small 512x512,
https://www.mdpi.com/brainsci/brainsci-14-01171/article_deploy/html/images/brainsci-14-01171-g001-550.jpg,error,,,,,download: 403 Client Error: Forbidden for url: https://www.mdpi.com/brainsci/brainsci-14-01171/article_deploy/html/images/brainsci-14-01171-g001-550.jpg,
https://www.doktoron.com/wp-content/uploads/2022/06/dr-sibel-ulusan.jpeg,rejected,0.2249462753534317,0.17721973359584808,0.04772654175758362,358.6842817169101,clip_threshold,
https://my1-cdn.pgimgs.com/listing/43332992/UPHO.267474958.V800/Belmas-Johan-Industrial-Park-Taman-Perindustrian-Belmas-Johan-Rawang-Malaysia.jpg,rejected,0.21890832483768463,0.16786523163318634,0.05104309320449829,1020.3849633849827,clip_threshold,
https://www.acpjournals.org/cms/10.7326/M20-2306/asset/images/m202306tt3_table_3_recommendations_from_various_organizations_regarding_niv.jpg,error,,,,,download: 403 Client Error: Forbidden for url: https://www.acpjournals.org/cms/10.7326/M20-2306/asset/images/m202306tt3_table_3_recommendations_from_various_organizations_regarding_niv.jpg,
https://media.licdn.com/dms/image/v2/D4D03AQE-JqhRXPro8A/profile-displayphoto-shrink_200_200/B4DZebjPUyHAAc-/0/1750661396577?e=2147483647&v=beta&t=eAboTHwotVGoK6yo4gicddjcc3dfqHLCKKs5vE1ISjA,rejected,,,,,too_small 200x200,
https://skrinme.com/wp-content/uploads/2021/07/bg-slider1-1536x720.jpg,rejected,,,,,blur=0.9 < 100.0,
https://www.obesitygenejournal.com/images/editorial-board/ricardo-garcia-mayor.jpg,rejected,,,,,too_small 200x200,
https://preview.redd.it/does-this-look-like-4200-grafts-fue-3-5-months-post-op-v0-ngq1gsx7r40c1.png?width=640&crop=smart&auto=webp&s=4aa645ee78bd94e70a66f7db5a8c1953b00923f4,rejected,0.2550584375858307,0.20569255948066711,0.049365878105163574,736.6864887802244,clip_threshold,
https://images-provider.frontiersin.org/api/ipx/w=1200&f=png/https://www.frontiersin.org/files/Articles/302007/fphys-08-01098-HTML/image_m/fphys-08-01098-g001.jpg,rejected,0.17682766914367676,0.1441730260848999,0.032654643058776855,5957.867311153497,clip_threshold,
https://mir-s3-cdn-cf.behance.net/projects/808/d46e37207046283.Y3JvcCw5MjAsNzIwLDE4MCww.jpg,rejected,0.2355891764163971,0.1821831464767456,0.05340602993965149,465.4830130425647,clip_threshold,
https://www.biomedscijournal.com/images/editorial-board/dong-li.jpg,rejected,,,,,too_small 200x200,
https://esskajournals.onlinelibrary.wiley.com/cms/asset/25f96367-6630-47f7-adda-8c40a95ea9e4/ksa12367-fig-0001-m.jpg,error,,,,,download: 403 Client Error: Forbidden for url: https://esskajournals.onlinelibrary.wiley.com/cms/asset/25f96367-6630-47f7-adda-8c40a95ea9e4/ksa12367-fig-0001-m.jpg,
https://i1.rgstatic.net/ii/profile.image/11431281218682169-1705662095056_Q512/Mohammad-Ehlayel.jpg,rejected,,,,,too_small 512x512,
https://www.europeanurology.com/cms/10.1016/j.eururo.2023.09.003/asset/195b8fc8-ceb1-49a8-92ff-8d03f72a767a/main.assets/gr2_lrg.jpg,error,,,,,download: 403 Client Error: Forbidden for url: https://www.europeanurology.com/cms/10.1016/j.eururo.2023.09.003/asset/195b8fc8-ceb1-49a8-92ff-8d03f72a767a/main.assets/gr2_lrg.jpg,
https://www.ejves.com/cms/10.1016/j.ejvs.2021.04.015/asset/08401d7a-53a7-4e4d-9200-01ed0f7c1554/main.assets/gr1_lrg.jpg,error,,,,,download: 403 Client Error: Forbidden for url: https://www.ejves.com/cms/10.1016/j.ejvs.2021.04.015/asset/08401d7a-53a7-4e4d-9200-01ed0f7c1554/main.assets/gr1_lrg.jpg,
https://www.resmedjournal.com/cms/10.1016/j.rmed.2023.107425/asset/94b9e468-2983-4b3a-b9e9-3cfc142c2c6f/main.assets/gr10_lrg.jpg,error,,,,,download: 403 Client Error: Forbidden for url: https://www.resmedjournal.com/cms/10.1016/j.rmed.2023.107425/asset/94b9e468-2983-4b3a-b9e9-3cfc142c2c6f/main.assets/gr10_lrg.jpg,
https://images.tokopedia.net/img/cache/700/VqbcmM/2024/1/26/3f57833f-de29-48e2-961c-4436fe7c8e2c.jpg,rejected,0.2907702922821045,0.1772427260875702,0.1135275661945343,366.69416271366515,clip_threshold,
http://www.tuberktoraks.org/managete/fu_folder/2021-02/images/2021-69-2-187-195-Figure1.png,rejected,,,,,too_small 1486x597,
https://equinosis.com/wp-content/uploads/2018/01/Christina-Frigast-Certified-Practitioner-scaled.jpg,rejected,0.22743533551692963,0.16387858986854553,0.0635567456483841,402.03745819091796,clip_threshold,
https://www.jpreventionalzheimer.com/wp-content/uploads/2024/03/TAB-1-KLEE.gif,rejected,0.18653006851673126,0.12653054296970367,0.05999952554702759,1568.181565268418,clip_threshold,
https://imgv2-1-f.scribdassets.com/img/document/708443663/298x396/6805f73414/1710563787?v=1,rejected,,,,,too_small 298x396,
https://www.rehabilityjournal.com/images/editorial-board/han-hung-huang.jpg,rejected,,,,,too_small 200x200,
https://www.resmedjournal.com/cms/10.1016/j.rmed.2023.107425/asset/3837b5ef-7016-4b38-a5e0-bf7366542367/main.assets/gr2_lrg.jpg,error,,,,,download: 403 Client Error: Forbidden for url: https://www.resmedjournal.com/cms/10.1016/j.rmed.2023.107425/asset/3837b5ef-7016-4b38-a5e0-bf7366542367/main.assets/gr2_lrg.jpg,
https://app.istaonline.org/figures/16024.jpg,rejected,0.18432071805000305,0.14380048215389252,0.040520235896110535,1629.5976472084458,clip_threshold,
"https://m.media-amazon.com/images/I/617sW9x-AkL._UF1000,1000_QL80_.jpg",rejected,0.2094501405954361,0.14579805731773376,0.06365208327770233,342.02544677610604,clip_threshold,
https://www.frontiersin.org/files/Articles/556110/fbioe-08-556110-HTML/image_m/fbioe-08-556110-g001.jpg,rejected,0.18479979038238525,0.17068924009799957,0.014110550284385681,2365.0991218536296,clip_threshold,
https://09.clinic/wp-content/uploads/2023/03/Dr.Fares_.webp,rejected,,,,,too_small 550x750,
https://img.yumpu.com/34067029/1/500x640/curriculum-vitae-the-ottawa-hospital-research-institute.jpg,rejected,,,,,too_small 495x640,
https://www.kucari.com/wp-content/uploads/2023/03/sg-11134201-22100-7zwq0xhavqiv65.jpg,rejected,0.2604908049106598,0.18266640603542328,0.07782439887523651,382.3511288583255,clip_threshold,
https://www.doktoron.com/wp-content/uploads/2024/09/istanbul-este-favor-sac-ekim-merkezi2.jpg,rejected,,,,,blur=75.2 < 100.0,
https://www.jrheum.org/content/jrheum/47/6/809/F1.large.jpg,rejected,0.19066497683525085,0.17293880879878998,0.017726168036460876,370.8820399129717,clip_threshold,
https://preview.redd.it/does-this-look-like-4200-grafts-fue-3-5-months-post-op-v0-6h6kmn28r40c1.png?width=640&crop=smart&auto=webp&s=defdf4978a737dc81857bfd6e3ce9a3a56d9cf91,rejected,,,,,too_small 640x355,
https://www.medicaltourismco.com/wp-content/uploads/2025/07/1-1-2.jpg,rejected,0.19534683227539062,0.15828461945056915,0.03706221282482147,2746.755724507482,clip_threshold,
https://media.springernature.com/lw1200/springer-static/image/art%3A10.1007%2Fs10353-024-00852-z/MediaObjects/10353_2024_852_Fig1_HTML.jpg,rejected,,,,,blur=17.6 < 100.0,
https://legfit.ch/wp/wp-content/uploads/2024/08/LegFit-with-cuff-scaled.jpg,rejected,,,,,blur=66.0 < 100.0,
https://files.sikayetvar.com/complaint/3288/32888262/berkay-tulpar-clinic-sac-ekimi-sonrasi-hayal-kirikligi-ve-klinik-ilgisizligi-7_350x350.jpg,rejected,,,,,too_small 350x350,
https://media.springernature.com/lw1200/springer-static/image/art%3A10.1186%2Fs12916-024-03533-6/MediaObjects/12916_2024_3533_Fig2_HTML.png,rejected,0.1647741198539734,0.14078955352306366,0.02398456633090973,284.7758016867427,clip_threshold,
https://i1.rgstatic.net/ii/profile.image/945761214791680-1602498453500_Q512/Kevin-Eid.jpg,rejected,,,,,too_small 512x512,
https://www.jpreventionalzheimer.com/wp-content/uploads/2024/03/FIG-1-KLEE.gif,rejected,0.14914800226688385,0.14995504915714264,-0.0008070468902587891,750.7859504957996,clip_threshold,
https://www.bjanaesthesia.org.uk/cms/10.1016/j.bja.2021.05.035/asset/d2ed5798-dc7e-4aab-a766-e1a03b61e553/main.assets/gr2_lrg.jpg,error,,,,,download: 403 Client Error: Forbidden for url: https://www.bjanaesthesia.org.uk/cms/10.1016/j.bja.2021.05.035/asset/d2ed5798-dc7e-4aab-a766-e1a03b61e553/main.assets/gr2_lrg.jpg,
https://img.yumpu.com/36731600/1/500x640/abstracts-accepted-for-presentations-at-ecas-2012-friday-april-.jpg,rejected,,,,,too_small 453x640,
https://www.sacekimisonuclari.com/index.php?action=dlattach;topic=37236.0;attach=554586;image,rejected,0.2210688441991806,0.17010459303855896,0.05096425116062164,296.0901579168306,clip_threshold,
https://images.tokopedia.net/img/cache/700/VqbcmM/2021/6/9/d17f7945-7200-46a1-8611-d3899b64b70a.jpg,rejected,,,,,blur=72.9 < 100.0,
https://image.made-in-china.com/2f0j00TRvYkwSqfjco/Akl-LED-Stz4-Stz4-Hospital-Room-Medical-Head-LED-Shadowless-Operating-Light.webp,rejected,0.20403112471103668,0.20467393100261688,-0.0006428062915802002,792.8365374996481,clip_threshold,
https://www.studierendenwerk-stuttgart.de/fileadmin/_processed_/8/4/csm_Mann-Kopfschmerzen_file404_Shut_2016_web_6ca297f737.jpg,rejected,,,,,too_small 1920x595,
https://onlinelibrary.wiley.com/cms/asset/39c1b3ba-e160-41e6-b486-4abe24f13b65/jvh13746-fig-0003-m.jpg,error,,,,,download: 403 Client Error: Forbidden for url: https://onlinelibrary.wiley.com/cms/asset/39c1b3ba-e160-41e6-b486-4abe24f13b65/jvh13746-fig-0003-m.jpg,
https://ars.els-cdn.com/content/image/1-s2.0-S216225312200169X-fx1.jpg,rejected,,,,,too_small 375x375,
https://media.springernature.com/original/springer-static/image/art%3A10.1007%2Fs00142-024-00681-y/MediaObjects/142_2024_681_Fig4_HTML.png?as=jpg,rejected,0.1576850414276123,0.13321128487586975,0.024473756551742554,969.3807063664419,clip_threshold,
https://app.istaonline.org/figures/16660.jpg,rejected,0.20729759335517883,0.1611337810754776,0.04616381227970123,296.998170408353,clip_threshold,
https://www.ahajournals.org/cms/10.1161/CIRCULATIONAHA.124.069709/asset/8a1742ed-7b34-41ec-85b1-6652a2d069fa/assets/graphic/circulationaha.124.069709.fig01.jpg,rejected,0.1363949030637741,0.14589062333106995,-0.009495720267295837,490.9380997414044,clip_threshold,
https://s3.cloud.ngn.com.tr/kitantik/images/2024-04-21/1br9qfwlv8en47p1fdw.jpg,rejected,0.16631975769996643,0.14971163868904114,0.016608119010925293,346.23743541301656,clip_threshold,
https://www.microbiochemjournal.com/images/ijcmbt-flyer.jpg,rejected,,,,,too_small 300x400,
https://hntindonesia.id/themes/winter-cms/assets/img/meta-hnti-id.png,rejected,,,,,too_small 860x540,
https://www.ahajournals.org/cms/asset/8af1dee8-d7da-4160-a6f9-618a4a9ca9b8/circ.2024.150.issue-20.cover.jpg,rejected,0.18864959478378296,0.16782763600349426,0.020821958780288696,2097.6888531856666,clip_threshold,
https://www.nursingpracticejournal.com/images/web/peerchart-1.jpg,rejected,0.19298849999904633,0.17966991662979126,0.013318583369255066,781.1893268904713,clip_threshold,
https://www.erufucare.com/sites/default/files/styles/mydoc_watermark/public/clinic_images/smileline-dental-care-treatment-room-mydoctiny.jpeg?itok=gTjOF319,approved,0.3049156963825226,0.1845630705356598,0.12035262584686279,214.13861023555427,,output/approved/Akl_Clinic_klinik/7e251aaacb.jpg
