query,approved,rejected,errors,approved_dir,report
Adem Demiral klinik,0,209,187,/Users/umutbideci/Desktop/Projects/Cliniscope/image-scraper/output/approved/Adem_Demiral_klinik,output/report_Adem_Demiral_klinik.csv
Abdul Muttalip Keser klinik,0,215,170,/Users/umutbideci/Desktop/Projects/Cliniscope/image-scraper/output/approved/Abdul_Muttalip_Keser_klinik,output/report_Abdul_Muttalip_Keser_klinik.csv
Akl Clinic klinik,3,133,55,/Users/umutbideci/Desktop/Projects/Cliniscope/image-scraper/output/approved/Akl_Clinic_klinik,output/report_Akl_Clinic_klinik.csv
Adem And Havva klinik,3,21,1,/Users/umutbideci/Desktop/Projects/Cliniscope/image-scraper/output/approved/Adem_And_Havva_klinik,output/report_Adem_And_Havva_klinik.csv
Adem Köse klinik,1,405,77,/Users/umutbideci/Desktop/Projects/Cliniscope/image-scraper/output/approved/Adem_Köse_klinik,output/report_Adem_Köse_klinik.csv
Ali Yuva Hair Transplant Clinic klinik,3,38,64,/Users/umutbideci/Desktop/Projects/Cliniscope/image-scraper/output/approved/Ali_Yuva_Hair_Transplant_Clinic_klinik,output/report_Ali_Yuva_Hair_Transplant_Clinic_klinik.csv
Ahmet Ayik Md. klinik,0,294,101,/Users/umutbideci/Desktop/Projects/Cliniscope/image-scraper/output/approved/Ahmet_Ayik_Md_klinik,output/report_Ahmet_Ayik_Md_klinik.csv
Altınsoy Hair Clinic klinik,3,90,43,/Users/umutbideci/Desktop/Projects/Cliniscope/image-scraper/output/approved/Altınsoy_Hair_Clinic_klinik,output/report_Altınsoy_Hair_Clinic_klinik.csv
Aplus Hair Transplant klinik,3,2,1,/Users/umutbideci/Desktop/Projects/Cliniscope/image-scraper/output/approved/Aplus_Hair_Transplant_klinik,output/report_Aplus_Hair_Transplant_klinik.csv
Arşimed Hair Transplant klinik,3,54,38,/Users/umutbideci/Desktop/Projects/Cliniscope/image-scraper/output/approved/Arşimed_Hair_Transplant_klinik,output/report_Arşimed_Hair_Transplant_klinik.csv
Alaaddin Karabacak klinik,2,148,231,/Users/umutbideci/Desktop/Projects/Cliniscope/image-scraper/output/approved/Alaaddin_Karabacak_klinik,output/report_Alaaddin_Karabacak_klinik.csv
Astramedicagroup klinik,0,105,49,/Users/umutbideci/Desktop/Projects/Cliniscope/image-scraper/output/approved/Astramedicagroup_klinik,output/report_Astramedicagroup_klinik.csv
Atraxia Clinic klinik,3,45,30,/Users/umutbideci/Desktop/Projects/Cliniscope/image-scraper/output/approved/Atraxia_Clinic_klinik,output/report_Atraxia_Clinic_klinik.csv
Beautyeurasia klinik,3,35,13,/Users/umutbideci/Desktop/Projects/Cliniscope/image-scraper/output/approved/Beautyeurasia_klinik,output/report_Beautyeurasia_klinik.csv
Belizza Clinic klinik,3,8,23,/Users/umutbideci/Desktop/Projects/Cliniscope/image-scraper/output/approved/Belizza_Clinic_klinik,output/report_Belizza_Clinic_klinik.csv
Berkay Tulpar Clinic klinik,3,6,1,/Users/umutbideci/Desktop/Projects/Cliniscope/image-scraper/output/approved/Berkay_Tulpar_Clinic_klinik,output/report_Berkay_Tulpar_Clinic_klinik.csv
Aysel Ellialti klinik,0,84,253,/Users/umutbideci/Desktop/Projects/Cliniscope/image-scraper/output/approved/Aysel_Ellialti_klinik,output/report_Aysel_Ellialti_klinik.csv
Bekir Bek klinik,0,194,207,/Users/umutbideci/Desktop/Projects/Cliniscope/image-scraper/output/approved/Bekir_Bek_klinik,output/report_Bekir_Bek_klinik.csv
Bluemagic Group Clinic klinik,3,40,12,/Users/umutbideci/Desktop/Projects/Cliniscope/image-scraper/output/approved/Bluemagic_Group_Clinic_klinik,output/report_Bluemagic_Group_Clinic_klinik.csv
Büyük Anadolu Hospitals klinik,3,27,0,/Users/umutbideci/Desktop/Projects/Cliniscope/image-scraper/output/approved/Büyük_Anadolu_Hospitals_klinik,output/report_Büyük_Anadolu_Hospitals_klinik.csv
Bodrum Estetik Hair klinik,3,185,66,/Users/umutbideci/Desktop/Projects/Cliniscope/image-scraper/output/approved/Bodrum_Estetik_Hair_klinik,output/report_Bodrum_Estetik_Hair_klinik.csv
Bogazici Tip Merkezi klinik,3,50,10,/Users/umutbideci/Desktop/Projects/Cliniscope/image-scraper/output/approved/Bogazici_Tip_Merkezi_klinik,output/report_Bogazici_Tip_Merkezi_klinik.csv
Can Uslu Health Care klinik,3,62,41,/Users/umutbideci/Desktop/Projects/Cliniscope/image-scraper/output/approved/Can_Uslu_Health_Care_klinik,output/report_Can_Uslu_Health_Care_klinik.csv
Canan Uluocak Hair Clinic klinik,0,43,120,/Users/umutbideci/Desktop/Projects/Cliniscope/image-scraper/output/approved/Canan_Uluocak_Hair_Clinic_klinik,output/report_Canan_Uluocak_Hair_Clinic_klinik.csv
Cades Clinic klinik,3,37,19,/Users/umutbideci/Desktop/Projects/Cliniscope/image-scraper/output/approved/Cades_Clinic_klinik,output/report_Cades_Clinic_klinik.csv
Cevre Hair Hospital klinik,3,25,11,/Users/umutbideci/Desktop/Projects/Cliniscope/image-scraper/output/approved/Cevre_Hair_Hospital_klinik,output/report_Cevre_Hair_Hospital_klinik.csv
Capital Hair Center klinik,3,108,50,/Users/umutbideci/Desktop/Projects/Cliniscope/image-scraper/output/approved/Capital_Hair_Center_klinik,output/report_Capital_Hair_Center_klinik.csv
Clinic Nisantasi klinik,3,12,2,/Users/umutbideci/Desktop/Projects/Cliniscope/image-scraper/output/approved/Clinic_Nisantasi_klinik,output/report_Clinic_Nisantasi_klinik.csv
Davut Karabacak Hair Clinic klinik,1,86,309,/Users/umutbideci/Desktop/Projects/Cliniscope/image-scraper/output/approved/Davut_Karabacak_Hair_Clinic_klinik,output/report_Davut_Karabacak_Hair_Clinic_klinik.csv
Delta Hair Clinic klinik,3,78,18,/Users/umutbideci/Desktop/Projects/Cliniscope/image-scraper/output/approved/Delta_Hair_Clinic_klinik,output/report_Delta_Hair_Clinic_klinik.csv
Darma Med klinik,3,84,36,/Users/umutbideci/Desktop/Projects/Cliniscope/image-scraper/output/approved/Darma_Med_klinik,output/report_Darma_Med_klinik.csv
Cemal Kara klinik,1,367,38,/Users/umutbideci/Desktop/Projects/Cliniscope/image-scraper/output/approved/Cemal_Kara_klinik,output/report_Cemal_Kara_klinik.csv
Deluxe Clinic İstanbul klinik,3,58,44,/Users/umutbideci/Desktop/Projects/Cliniscope/image-scraper/output/approved/Deluxe_Clinic_İstanbul_klinik,output/report_Deluxe_Clinic_İstanbul_klinik.csv
Doctor Bircan klinik,3,51,12,/Users/umutbideci/Desktop/Projects/Cliniscope/image-scraper/output/approved/Doctor_Bircan_klinik,output/report_Doctor_Bircan_klinik.csv
Doc. Dr. Ibrahim Aşkar - Plastik Rekonstrüktif Ve Estetik Cerrahi klinik,1,256,189,/Users/umutbideci/Desktop/Projects/Cliniscope/image-scraper/output/approved/Doc_Dr_Ibrahim_Aşkar_-_Plastik_Rekonstrüktif_Ve_Estetik_Cerrahi_,output/report_Doc_Dr_Ibrahim_Aşkar_-_Plastik_Rekonstrüktif_Ve_Estetik_Cerrahi_.csv
Doc. Dr Tarık Çavuşoğlu klinik,1,343,44,/Users/umutbideci/Desktop/Projects/Cliniscope/image-scraper/output/approved/Doc_Dr_Tarık_Çavuşoğlu_klinik,output/report_Doc_Dr_Tarık_Çavuşoğlu_klinik.csv
Doctor Zen Clinic klinik,3,47,19,/Users/umutbideci/Desktop/Projects/Cliniscope/image-scraper/output/approved/Doctor_Zen_Clinic_klinik,output/report_Doctor_Zen_Clinic_klinik.csv
Doctor Busra Yakupoglu klinik,2,338,61,/Users/umutbideci/Desktop/Projects/Cliniscope/image-scraper/output/approved/Doctor_Busra_Yakupoglu_klinik,output/report_Doctor_Busra_Yakupoglu_klinik.csv
Doctor Musa Balta klinik,3,249,171,/Users/umutbideci/Desktop/Projects/Cliniscope/image-scraper/output/approved/Doctor_Musa_Balta_klinik,output/report_Doctor_Musa_Balta_klinik.csv
Doktor Koc Hair Clinic klinik,3,88,21,/Users/umutbideci/Desktop/Projects/Cliniscope/image-scraper/output/approved/Doktor_Koc_Hair_Clinic_klinik,output/report_Doktor_Koc_Hair_Clinic_klinik.csv
Dorak Clinic klinik,3,34,7,/Users/umutbideci/Desktop/Projects/Cliniscope/image-scraper/output/approved/Dorak_Clinic_klinik,output/report_Dorak_Clinic_klinik.csv
Dr Baran Kul - Hair Transplant klinik,3,109,21,/Users/umutbideci/Desktop/Projects/Cliniscope/image-scraper/output/approved/Dr_Baran_Kul_-_Hair_Transplant_klinik,output/report_Dr_Baran_Kul_-_Hair_Transplant_klinik.csv
Dr Elza Todorova Bankovska-petkova klinik,2,78,1,/Users/umutbideci/Desktop/Projects/Cliniscope/image-scraper/output/approved/Dr_Elza_Todorova_Bankovska-petkova_klinik,output/report_Dr_Elza_Todorova_Bankovska-petkova_klinik.csv
Dr Cinik Hair Transplant Clinic klinik,3,209,78,/Users/umutbideci/Desktop/Projects/Cliniscope/image-scraper/output/approved/Dr_Cinik_Hair_Transplant_Clinic_klinik,output/report_Dr_Cinik_Hair_Transplant_Clinic_klinik.csv
Dogan Turan klinik,0,341,40,/Users/umutbideci/Desktop/Projects/Cliniscope/image-scraper/output/approved/Dogan_Turan_klinik,output/report_Dogan_Turan_klinik.csv
Dr Fatih Sahin klinik,1,308,132,/Users/umutbideci/Desktop/Projects/Cliniscope/image-scraper/output/approved/Dr_Fatih_Sahin_klinik,output/report_Dr_Fatih_Sahin_klinik.csv
Dr Esin klinik,1,384,27,/Users/umutbideci/Desktop/Projects/Cliniscope/image-scraper/output/approved/Dr_Esin_klinik,output/report_Dr_Esin_klinik.csv
Dr Fuzun Erdogan klinik,1,399,45,/Users/umutbideci/Desktop/Projects/Cliniscope/image-scraper/output/approved/Dr_Fuzun_Erdogan_klinik,output/report_Dr_Fuzun_Erdogan_klinik.csv
Dr Gunay klinik,3,51,21,/Users/umutbideci/Desktop/Projects/Cliniscope/image-scraper/output/approved/Dr_Gunay_klinik,output/report_Dr_Gunay_klinik.csv
Dr Kaya Hair Treatments Clinic klinik,3,124,65,/Users/umutbideci/Desktop/Projects/Cliniscope/image-scraper/output/approved/Dr_Kaya_Hair_Treatments_Clinic_klinik,output/report_Dr_Kaya_Hair_Treatments_Clinic_klinik.csv
Dr Salih Onur Basat klinik,3,206,32,/Users/umutbideci/Desktop/Projects/Cliniscope/image-scraper/output/approved/Dr_Salih_Onur_Basat_klinik,output/report_Dr_Salih_Onur_Basat_klinik.csv
Dr Seyman Clinic klinik,3,10,10,/Users/umutbideci/Desktop/Projects/Cliniscope/image-scraper/output/approved/Dr_Seyman_Clinic_klinik,output/report_Dr_Seyman_Clinic_klinik.csv
Dr Oguz Kilic klinik,0,308,71,/Users/umutbideci/Desktop/Projects/Cliniscope/image-scraper/output/approved/Dr_Oguz_Kilic_klinik,output/report_Dr_Oguz_Kilic_klinik.csv
Dr Mehmet Yidirim klinik,0,297,59,/Users/umutbideci/Desktop/Projects/Cliniscope/image-scraper/output/approved/Dr_Mehmet_Yidirim_klinik,output/report_Dr_Mehmet_Yidirim_klinik.csv
Dr Yavuz Hair Transplant klinik,3,132,26,/Users/umutbideci/Desktop/Projects/Cliniscope/image-scraper/output/approved/Dr_Yavuz_Hair_Transplant_klinik,output/report_Dr_Yavuz_Hair_Transplant_klinik.csv
Dr Taner Karahan klinik,2,323,67,/Users/umutbideci/Desktop/Projects/Cliniscope/image-scraper/output/approved/Dr_Taner_Karahan_klinik,output/report_Dr_Taner_Karahan_klinik.csv
Dr. Ali Gokcen Akdal klinik,1,226,150,/Users/umutbideci/Desktop/Projects/Cliniscope/image-scraper/output/approved/Dr_Ali_Gokcen_Akdal_klinik,output/report_Dr_Ali_Gokcen_Akdal_klinik.csv
Dr Özgür Koldaş Polikliniği klinik,0,347,96,/Users/umutbideci/Desktop/Projects/Cliniscope/image-scraper/output/approved/Dr_Özgür_Koldaş_Polikliniği_klinik,output/report_Dr_Özgür_Koldaş_Polikliniği_klinik.csv
Dr Yücel Sarialtin klinik,2,252,171,/Users/umutbideci/Desktop/Projects/Cliniscope/image-scraper/output/approved/Dr_Yücel_Sarialtin_klinik,output/report_Dr_Yücel_Sarialtin_klinik.csv
Dr. Aslı Tarcan klinik,3,109,31,/Users/umutbideci/Desktop/Projects/Cliniscope/image-scraper/output/approved/Dr_Aslı_Tarcan_klinik,output/report_Dr_Aslı_Tarcan_klinik.csv
Dr. Ali Şahan Hairclinic klinik,2,265,111,/Users/umutbideci/Desktop/Projects/Cliniscope/image-scraper/output/approved/Dr_Ali_Şahan_Hairclinic_klinik,output/report_Dr_Ali_Şahan_Hairclinic_klinik.csv
Dr. Altan Yucetas klinik,0,343,141,/Users/umutbideci/Desktop/Projects/Cliniscope/image-scraper/output/approved/Dr_Altan_Yucetas_klinik,output/report_Dr_Altan_Yucetas_klinik.csv
Dr. Asude Köksal klinik,1,331,44,/Users/umutbideci/Desktop/Projects/Cliniscope/image-scraper/output/approved/Dr_Asude_Köksal_klinik,output/report_Dr_Asude_Köksal_klinik.csv
Dr. Atilla Fesli klinik,2,308,154,/Users/umutbideci/Desktop/Projects/Cliniscope/image-scraper/output/approved/Dr_Atilla_Fesli_klinik,output/report_Dr_Atilla_Fesli_klinik.csv
Dr. Berkay Tulpar klinik,3,6,1,/Users/umutbideci/Desktop/Projects/Cliniscope/image-scraper/output/approved/Dr_Berkay_Tulpar_klinik,output/report_Dr_Berkay_Tulpar_klinik.csv
Dr. Atul Gawande klinik,0,265,41,/Users/umutbideci/Desktop/Projects/Cliniscope/image-scraper/output/approved/Dr_Atul_Gawande_klinik,output/report_Dr_Atul_Gawande_klinik.csv
Dr. Birol Civelek klinik,2,147,50,/Users/umutbideci/Desktop/Projects/Cliniscope/image-scraper/output/approved/Dr_Birol_Civelek_klinik,output/report_Dr_Birol_Civelek_klinik.csv
Dr. Cinik klinik,0,0,0,/Users/umutbideci/Desktop/Projects/Cliniscope/image-scraper/output/approved/Dr_Cinik_klinik,output/report_Dr_Cinik_klinik.csv
Dr. Benjamin Caldwell klinik,2,257,109,/Users/umutbideci/Desktop/Projects/Cliniscope/image-scraper/output/approved/Dr_Benjamin_Caldwell_klinik,output/report_Dr_Benjamin_Caldwell_klinik.csv
Dr. Dogus Özturk klinik,0,0,0,/Users/umutbideci/Desktop/Projects/Cliniscope/image-scraper/output/approved/Dr_Dogus_Özturk_klinik,output/report_Dr_Dogus_Özturk_klinik.csv
Dr. Ekrem Civas klinik,0,0,0,/Users/umutbideci/Desktop/Projects/Cliniscope/image-scraper/output/approved/Dr_Ekrem_Civas_klinik,output/report_Dr_Ekrem_Civas_klinik.csv
Dr. Emre Çiçek klinik,0,0,0,/Users/umutbideci/Desktop/Projects/Cliniscope/image-scraper/output/approved/Dr_Emre_Çiçek_klinik,output/report_Dr_Emre_Çiçek_klinik.csv
Dr. Biçer klinik,1,80,19,/Users/umutbideci/Desktop/Projects/Cliniscope/image-scraper/output/approved/Dr_Biçer_klinik,output/report_Dr_Biçer_klinik.csv
Dr. Ferhad Yıldız klinik,0,0,0,/Users/umutbideci/Desktop/Projects/Cliniscope/image-scraper/output/approved/Dr_Ferhad_Yıldız_klinik,output/report_Dr_Ferhad_Yıldız_klinik.csv
Dr. Feyman Duygu Oktar klinik,0,0,0,/Users/umutbideci/Desktop/Projects/Cliniscope/image-scraper/output/approved/Dr_Feyman_Duygu_Oktar_klinik,output/report_Dr_Feyman_Duygu_Oktar_klinik.csv
Dr. Gulden Avci Cakmak klinik,0,0,0,/Users/umutbideci/Desktop/Projects/Cliniscope/image-scraper/output/approved/Dr_Gulden_Avci_Cakmak_klinik,output/report_Dr_Gulden_Avci_Cakmak_klinik.csv
Dr. Gökhan Gür klinik,0,0,0,/Users/umutbideci/Desktop/Projects/Cliniscope/image-scraper/output/approved/Dr_Gökhan_Gür_klinik,output/report_Dr_Gökhan_Gür_klinik.csv
Dr. Handan Yavuz Köksal klinik,0,0,0,/Users/umutbideci/Desktop/Projects/Cliniscope/image-scraper/output/approved/Dr_Handan_Yavuz_Köksal_klinik,output/report_Dr_Handan_Yavuz_Köksal_klinik.csv
Dr. Hamdi Osmanoğlu klinik,0,0,0,/Users/umutbideci/Desktop/Projects/Cliniscope/image-scraper/output/approved/Dr_Hamdi_Osmanoğlu_klinik,output/report_Dr_Hamdi_Osmanoğlu_klinik.csv
Dr. Ilker Manavbasi's Clinic klinik,0,0,0,/Users/umutbideci/Desktop/Projects/Cliniscope/image-scraper/output/approved/Dr_Ilker_Manavbasis_Clinic_klinik,output/report_Dr_Ilker_Manavbasis_Clinic_klinik.csv
Dr. Jale Senyurt klinik,0,0,0,/Users/umutbideci/Desktop/Projects/Cliniscope/image-scraper/output/approved/Dr_Jale_Senyurt_klinik,output/report_Dr_Jale_Senyurt_klinik.csv
Dr. Kaan Pekiner klinik,0,0,0,/Users/umutbideci/Desktop/Projects/Cliniscope/image-scraper/output/approved/Dr_Kaan_Pekiner_klinik,output/report_Dr_Kaan_Pekiner_klinik.csv
Dr. Kerem Baykal klinik,0,0,0,/Users/umutbideci/Desktop/Projects/Cliniscope/image-scraper/output/approved/Dr_Kerem_Baykal_klinik,output/report_Dr_Kerem_Baykal_klinik.csv
Dr. Koray Erdogan klinik,0,0,0,/Users/umutbideci/Desktop/Projects/Cliniscope/image-scraper/output/approved/Dr_Koray_Erdogan_klinik,output/report_Dr_Koray_Erdogan_klinik.csv
Dr. Med Clinic klinik,0,0,0,/Users/umutbideci/Desktop/Projects/Cliniscope/image-scraper/output/approved/Dr_Med_Clinic_klinik,output/report_Dr_Med_Clinic_klinik.csv
Dr. Murat Küçüktaş klinik,0,0,0,/Users/umutbideci/Desktop/Projects/Cliniscope/image-scraper/output/approved/Dr_Murat_Küçüktaş_klinik,output/report_Dr_Murat_Küçüktaş_klinik.csv
Dr. Murat Makasçı klinik,0,0,0,/Users/umutbideci/Desktop/Projects/Cliniscope/image-scraper/output/approved/Dr_Murat_Makasçı_klinik,output/report_Dr_Murat_Makasçı_klinik.csv
Dr. Ozgur Oztan klinik,0,0,0,/Users/umutbideci/Desktop/Projects/Cliniscope/image-scraper/output/approved/Dr_Ozgur_Oztan_klinik,output/report_Dr_Ozgur_Oztan_klinik.csv
Dr. Said Sadiki klinik,0,0,0,/Users/umutbideci/Desktop/Projects/Cliniscope/image-scraper/output/approved/Dr_Said_Sadiki_klinik,output/report_Dr_Said_Sadiki_klinik.csv
Dr. Serdar Eren klinik,0,0,0,/Users/umutbideci/Desktop/Projects/Cliniscope/image-scraper/output/approved/Dr_Serdar_Eren_klinik,output/report_Dr_Serdar_Eren_klinik.csv
Dr. Serkan Aygin Clinic klinik,0,0,0,/Users/umutbideci/Desktop/Projects/Cliniscope/image-scraper/output/approved/Dr_Serkan_Aygin_Clinic_klinik,output/report_Dr_Serkan_Aygin_Clinic_klinik.csv
Dr. Servet Terziler klinik,0,0,0,/Users/umutbideci/Desktop/Projects/Cliniscope/image-scraper/output/approved/Dr_Servet_Terziler_klinik,output/report_Dr_Servet_Terziler_klinik.csv
Dr. Seyda Bayraktaroğlu klinik,0,0,0,/Users/umutbideci/Desktop/Projects/Cliniscope/image-scraper/output/approved/Dr_Seyda_Bayraktaroğlu_klinik,output/report_Dr_Seyda_Bayraktaroğlu_klinik.csv
Dr. Taner Bahar klinik,0,0,0,/Users/umutbideci/Desktop/Projects/Cliniscope/image-scraper/output/approved/Dr_Taner_Bahar_klinik,output/report_Dr_Taner_Bahar_klinik.csv
Dr. Terziler Exclusive Hair Clinic klinik,0,0,0,/Users/umutbideci/Desktop/Projects/Cliniscope/image-scraper/output/approved/Dr_Terziler_Exclusive_Hair_Clinic_klinik,output/report_Dr_Terziler_Exclusive_Hair_Clinic_klinik.csv
Dr. Tolga Eryılmaz klinik,0,0,0,/Users/umutbideci/Desktop/Projects/Cliniscope/image-scraper/output/approved/Dr_Tolga_Eryılmaz_klinik,output/report_Dr_Tolga_Eryılmaz_klinik.csv
Dr. Tuncer Özalp klinik,0,0,0,/Users/umutbideci/Desktop/Projects/Cliniscope/image-scraper/output/approved/Dr_Tuncer_Özalp_klinik,output/report_Dr_Tuncer_Özalp_klinik.csv
Dr. Turab Ismayilov - Plastic Surgery klinik,0,0,0,/Users/umutbideci/Desktop/Projects/Cliniscope/image-scraper/output/approved/Dr_Turab_Ismayilov_-_Plastic_Surgery_klinik,output/report_Dr_Turab_Ismayilov_-_Plastic_Surgery_klinik.csv
Dr. Yaman Hair Clinic klinik,0,0,0,/Users/umutbideci/Desktop/Projects/Cliniscope/image-scraper/output/approved/Dr_Yaman_Hair_Clinic_klinik,output/report_Dr_Yaman_Hair_Clinic_klinik.csv
Dr. Yetkin Bayer Clinics klinik,0,0,0,/Users/umutbideci/Desktop/Projects/Cliniscope/image-scraper/output/approved/Dr_Yetkin_Bayer_Clinics_klinik,output/report_Dr_Yetkin_Bayer_Clinics_klinik.csv
Dr. Ünzile Balcı Akbuğa klinik,0,0,0,/Users/umutbideci/Desktop/Projects/Cliniscope/image-scraper/output/approved/Dr_Ünzile_Balcı_Akbuğa_klinik,output/report_Dr_Ünzile_Balcı_Akbuğa_klinik.csv
Dr. Şerif Yavuz klinik,0,0,0,/Users/umutbideci/Desktop/Projects/Cliniscope/image-scraper/output/approved/Dr_Şerif_Yavuz_klinik,output/report_Dr_Şerif_Yavuz_klinik.csv
Dr.garg's Sure Shot Herbals klinik,0,0,0,/Users/umutbideci/Desktop/Projects/Cliniscope/image-scraper/output/approved/Drgargs_Sure_Shot_Herbals_klinik,output/report_Drgargs_Sure_Shot_Herbals_klinik.csv
Dr.i̇. Öykü Maraşoğlu Çelen klinik,0,0,0,/Users/umutbideci/Desktop/Projects/Cliniscope/image-scraper/output/approved/Dri_Öykü_Maraşoğlu_Çelen_klinik,output/report_Dri_Öykü_Maraşoğlu_Çelen_klinik.csv
Dra. Paula Frederichi klinik,0,0,0,/Users/umutbideci/Desktop/Projects/Cliniscope/image-scraper/output/approved/Dra_Paula_Frederichi_klinik,output/report_Dra_Paula_Frederichi_klinik.csv
Epc Hospital klinik,0,0,0,/Users/umutbideci/Desktop/Projects/Cliniscope/image-scraper/output/approved/Epc_Hospital_klinik,output/report_Epc_Hospital_klinik.csv
Este Favor Saç Ekimi-hair Transplant klinik,0,0,0,/Users/umutbideci/Desktop/Projects/Cliniscope/image-scraper/output/approved/Este_Favor_Saç_Ekimi-hair_Transplant_klinik,output/report_Este_Favor_Saç_Ekimi-hair_Transplant_klinik.csv
Elif Dincarslan Clinic klinik,0,0,0,/Users/umutbideci/Desktop/Projects/Cliniscope/image-scraper/output/approved/Elif_Dincarslan_Clinic_klinik,output/report_Elif_Dincarslan_Clinic_klinik.csv
Elithair - Hair Transplant klinik,0,0,0,/Users/umutbideci/Desktop/Projects/Cliniscope/image-scraper/output/approved/Elithair_-_Hair_Transplant_klinik,output/report_Elithair_-_Hair_Transplant_klinik.csv
Elitium klinik,0,0,0,/Users/umutbideci/Desktop/Projects/Cliniscope/image-scraper/output/approved/Elitium_klinik,output/report_Elitium_klinik.csv
Ellora Clinic klinik,0,0,0,/Users/umutbideci/Desktop/Projects/Cliniscope/image-scraper/output/approved/Ellora_Clinic_klinik,output/report_Ellora_Clinic_klinik.csv
Erdem Hastanesi klinik,0,0,0,/Users/umutbideci/Desktop/Projects/Cliniscope/image-scraper/output/approved/Erdem_Hastanesi_klinik,output/report_Erdem_Hastanesi_klinik.csv
Erkan Demirsoy klinik,0,0,0,/Users/umutbideci/Desktop/Projects/Cliniscope/image-scraper/output/approved/Erkan_Demirsoy_klinik,output/report_Erkan_Demirsoy_klinik.csv
Erna Hair Clinic klinik,0,0,0,/Users/umutbideci/Desktop/Projects/Cliniscope/image-scraper/output/approved/Erna_Hair_Clinic_klinik,output/report_Erna_Hair_Clinic_klinik.csv
Esmerest Clinic klinik,0,0,0,/Users/umutbideci/Desktop/Projects/Cliniscope/image-scraper/output/approved/Esmerest_Clinic_klinik,output/report_Esmerest_Clinic_klinik.csv
Esra Tustas klinik,0,0,0,/Users/umutbideci/Desktop/Projects/Cliniscope/image-scraper/output/approved/Esra_Tustas_klinik,output/report_Esra_Tustas_klinik.csv
Estecapelli klinik,0,0,0,/Users/umutbideci/Desktop/Projects/Cliniscope/image-scraper/output/approved/Estecapelli_klinik,output/report_Estecapelli_klinik.csv
Essentialhair klinik,0,0,0,/Users/umutbideci/Desktop/Projects/Cliniscope/image-scraper/output/approved/Essentialhair_klinik,output/report_Essentialhair_klinik.csv
Estefuture klinik,0,0,0,/Users/umutbideci/Desktop/Projects/Cliniscope/image-scraper/output/approved/Estefuture_klinik,output/report_Estefuture_klinik.csv
Estepalace klinik,0,0,0,/Users/umutbideci/Desktop/Projects/Cliniscope/image-scraper/output/approved/Estepalace_klinik,output/report_Estepalace_klinik.csv
Estenuvo Health Group klinik,0,0,0,/Users/umutbideci/Desktop/Projects/Cliniscope/image-scraper/output/approved/Estenuvo_Health_Group_klinik,output/report_Estenuvo_Health_Group_klinik.csv
Esteday Clinic klinik,0,0,0,/Users/umutbideci/Desktop/Projects/Cliniscope/image-scraper/output/approved/Esteday_Clinic_klinik,output/report_Esteday_Clinic_klinik.csv
Estefocus klinik,0,0,0,/Users/umutbideci/Desktop/Projects/Cliniscope/image-scraper/output/approved/Estefocus_klinik,output/report_Estefocus_klinik.csv
Estelumina Clinic klinik,0,0,0,/Users/umutbideci/Desktop/Projects/Cliniscope/image-scraper/output/approved/Estelumina_Clinic_klinik,output/report_Estelumina_Clinic_klinik.csv
Estemoon Clinic klinik,0,0,0,/Users/umutbideci/Desktop/Projects/Cliniscope/image-scraper/output/approved/Estemoon_Clinic_klinik,output/report_Estemoon_Clinic_klinik.csv
Estenoveturkey klinik,0,0,0,/Users/umutbideci/Desktop/Projects/Cliniscope/image-scraper/output/approved/Estenoveturkey_klinik,output/report_Estenoveturkey_klinik.csv
Estetik International klinik,0,0,0,/Users/umutbideci/Desktop/Projects/Cliniscope/image-scraper/output/approved/Estetik_International_klinik,output/report_Estetik_International_klinik.csv
Estevien Clinic klinik,0,0,0,/Users/umutbideci/Desktop/Projects/Cliniscope/image-scraper/output/approved/Estevien_Clinic_klinik,output/report_Estevien_Clinic_klinik.csv
Estevitalya klinik,0,0,0,/Users/umutbideci/Desktop/Projects/Cliniscope/image-scraper/output/approved/Estevitalya_klinik,output/report_Estevitalya_klinik.csv
Estevitalya Hair Clinic klinik,0,0,0,/Users/umutbideci/Desktop/Projects/Cliniscope/image-scraper/output/approved/Estevitalya_Hair_Clinic_klinik,output/report_Estevitalya_Hair_Clinic_klinik.csv
Esteworld klinik,0,0,0,/Users/umutbideci/Desktop/Projects/Cliniscope/image-scraper/output/approved/Esteworld_klinik,output/report_Esteworld_klinik.csv
Esthete Clinic klinik,0,0,0,/Users/umutbideci/Desktop/Projects/Cliniscope/image-scraper/output/approved/Esthete_Clinic_klinik,output/report_Esthete_Clinic_klinik.csv
Esthebeauty klinik,0,0,0,/Users/umutbideci/Desktop/Projects/Cliniscope/image-scraper/output/approved/Esthebeauty_klinik,output/report_Esthebeauty_klinik.csv
Esvita Clinic klinik,0,0,0,/Users/umutbideci/Desktop/Projects/Cliniscope/image-scraper/output/approved/Esvita_Clinic_klinik,output/report_Esvita_Clinic_klinik.csv
Esvita Clinic Turkey klinik,0,0,0,/Users/umutbideci/Desktop/Projects/Cliniscope/image-scraper/output/approved/Esvita_Clinic_Turkey_klinik,output/report_Esvita_Clinic_Turkey_klinik.csv
Fatih Dağdelen klinik,0,0,0,/Users/umutbideci/Desktop/Projects/Cliniscope/image-scraper/output/approved/Fatih_Dağdelen_klinik,output/report_Fatih_Dağdelen_klinik.csv
Furkan Estetik klinik,0,0,0,/Users/umutbideci/Desktop/Projects/Cliniscope/image-scraper/output/approved/Furkan_Estetik_klinik,output/report_Furkan_Estetik_klinik.csv
Gokay Bilgin klinik,0,0,0,/Users/umutbideci/Desktop/Projects/Cliniscope/image-scraper/output/approved/Gokay_Bilgin_klinik,output/report_Gokay_Bilgin_klinik.csv
Gcc Gokdemir Clinic klinik,0,0,0,/Users/umutbideci/Desktop/Projects/Cliniscope/image-scraper/output/approved/Gcc_Gokdemir_Clinic_klinik,output/report_Gcc_Gokdemir_Clinic_klinik.csv
Gokhan Gur klinik,0,0,0,/Users/umutbideci/Desktop/Projects/Cliniscope/image-scraper/output/approved/Gokhan_Gur_klinik,output/report_Gokhan_Gur_klinik.csv
Gold Fue Hair Clinic klinik,0,0,0,/Users/umutbideci/Desktop/Projects/Cliniscope/image-scraper/output/approved/Gold_Fue_Hair_Clinic_klinik,output/report_Gold_Fue_Hair_Clinic_klinik.csv
Gökceklinik klinik,0,0,0,/Users/umutbideci/Desktop/Projects/Cliniscope/image-scraper/output/approved/Gökceklinik_klinik,output/report_Gökceklinik_klinik.csv
Gökçek Clinic klinik,0,0,0,/Users/umutbideci/Desktop/Projects/Cliniscope/image-scraper/output/approved/Gökçek_Clinic_klinik,output/report_Gökçek_Clinic_klinik.csv
Gür Hair Transplant Centre klinik,0,0,0,/Users/umutbideci/Desktop/Projects/Cliniscope/image-scraper/output/approved/Gür_Hair_Transplant_Centre_klinik,output/report_Gür_Hair_Transplant_Centre_klinik.csv
Hlc klinik,0,0,0,/Users/umutbideci/Desktop/Projects/Cliniscope/image-scraper/output/approved/Hlc_klinik,output/report_Hlc_klinik.csv
Hwt Clinic klinik,0,0,0,/Users/umutbideci/Desktop/Projects/Cliniscope/image-scraper/output/approved/Hwt_Clinic_klinik,output/report_Hwt_Clinic_klinik.csv
Hair Transplant Turkey - Dr.erkam Caymaz klinik,0,0,0,/Users/umutbideci/Desktop/Projects/Cliniscope/image-scraper/output/approved/Hair_Transplant_Turkey_-_Drerkam_Caymaz_klinik,output/report_Hair_Transplant_Turkey_-_Drerkam_Caymaz_klinik.csv
Hair Extreme - Medilife Hospital klinik,0,0,0,/Users/umutbideci/Desktop/Projects/Cliniscope/image-scraper/output/approved/Hair_Extreme_-_Medilife_Hospital_klinik,output/report_Hair_Extreme_-_Medilife_Hospital_klinik.csv
Hair Transplantation - Dr. Hakan Doganay klinik,0,0,0,/Users/umutbideci/Desktop/Projects/Cliniscope/image-scraper/output/approved/Hair_Transplantation_-_Dr_Hakan_Doganay_klinik,output/report_Hair_Transplantation_-_Dr_Hakan_Doganay_klinik.csv
Hairneva - Hair Transplant klinik,0,0,0,/Users/umutbideci/Desktop/Projects/Cliniscope/image-scraper/output/approved/Hairneva_-_Hair_Transplant_klinik,output/report_Hairneva_-_Hair_Transplant_klinik.csv
Hairneva Hair Transplant By Assoc. Prof. Dr. Güncel Öztürk klinik,0,0,0,/Users/umutbideci/Desktop/Projects/Cliniscope/image-scraper/output/approved/Hairneva_Hair_Transplant_By_Assoc_Prof_Dr_Güncel_Öztürk_klinik,output/report_Hairneva_Hair_Transplant_By_Assoc_Prof_Dr_Güncel_Öztürk_klinik.csv
Hairteamturkey klinik,0,0,0,/Users/umutbideci/Desktop/Projects/Cliniscope/image-scraper/output/approved/Hairteamturkey_klinik,output/report_Hairteamturkey_klinik.csv
Hairavrasya klinik,0,0,0,/Users/umutbideci/Desktop/Projects/Cliniscope/image-scraper/output/approved/Hairavrasya_klinik,output/report_Hairavrasya_klinik.csv
Hakan Ikizoglu klinik,0,0,0,/Users/umutbideci/Desktop/Projects/Cliniscope/image-scraper/output/approved/Hakan_Ikizoglu_klinik,output/report_Hakan_Ikizoglu_klinik.csv
Hala Ibrahim Elgmati klinik,0,0,0,/Users/umutbideci/Desktop/Projects/Cliniscope/image-scraper/output/approved/Hala_Ibrahim_Elgmati_klinik,output/report_Hala_Ibrahim_Elgmati_klinik.csv
Happyyou Health klinik,0,0,0,/Users/umutbideci/Desktop/Projects/Cliniscope/image-scraper/output/approved/Happyyou_Health_klinik,output/report_Happyyou_Health_klinik.csv
Hasan Demir klinik,0,0,0,/Users/umutbideci/Desktop/Projects/Cliniscope/image-scraper/output/approved/Hasan_Demir_klinik,output/report_Hasan_Demir_klinik.csv
Heva Clinic klinik,0,0,0,/Users/umutbideci/Desktop/Projects/Cliniscope/image-scraper/output/approved/Heva_Clinic_klinik,output/report_Heva_Clinic_klinik.csv
Hisar Hospital klinik,0,0,0,/Users/umutbideci/Desktop/Projects/Cliniscope/image-scraper/output/approved/Hisar_Hospital_klinik,output/report_Hisar_Hospital_klinik.csv
Hulya Duzgunkaya Hai̇r Transplantati̇on Cli̇ni̇c klinik,0,0,0,/Users/umutbideci/Desktop/Projects/Cliniscope/image-scraper/output/approved/Hulya_Duzgunkaya_Hair_Transplantation_Clinic_klinik,output/report_Hulya_Duzgunkaya_Hair_Transplantation_Clinic_klinik.csv
Hüseyin Mızrak Hair Clinic klinik,0,0,0,/Users/umutbideci/Desktop/Projects/Cliniscope/image-scraper/output/approved/Hüseyin_Mızrak_Hair_Clinic_klinik,output/report_Hüseyin_Mızrak_Hair_Clinic_klinik.csv
Icefue klinik,0,0,0,/Users/umutbideci/Desktop/Projects/Cliniscope/image-scraper/output/approved/Icefue_klinik,output/report_Icefue_klinik.csv
Ismet Emrah Emre klinik,0,0,0,/Users/umutbideci/Desktop/Projects/Cliniscope/image-scraper/output/approved/Ismet_Emrah_Emre_klinik,output/report_Ismet_Emrah_Emre_klinik.csv
Koc Healthcare - Hair Loss klinik,0,0,0,/Users/umutbideci/Desktop/Projects/Cliniscope/image-scraper/output/approved/Koc_Healthcare_-_Hair_Loss_klinik,output/report_Koc_Healthcare_-_Hair_Loss_klinik.csv
Kardelen Clinic klinik,0,0,0,/Users/umutbideci/Desktop/Projects/Cliniscope/image-scraper/output/approved/Kardelen_Clinic_klinik,output/report_Kardelen_Clinic_klinik.csv
Karşıyaka Göz Hastanesi klinik,0,0,0,/Users/umutbideci/Desktop/Projects/Cliniscope/image-scraper/output/approved/Karşıyaka_Göz_Hastanesi_klinik,output/report_Karşıyaka_Göz_Hastanesi_klinik.csv
Kerem Ugur Hair Transplant klinik,0,0,0,/Users/umutbideci/Desktop/Projects/Cliniscope/image-scraper/output/approved/Kerem_Ugur_Hair_Transplant_klinik,output/report_Kerem_Ugur_Hair_Transplant_klinik.csv
Kinglike Clinic klinik,0,0,0,/Users/umutbideci/Desktop/Projects/Cliniscope/image-scraper/output/approved/Kinglike_Clinic_klinik,output/report_Kinglike_Clinic_klinik.csv
Koray Erdoğan Asmed klinik,0,0,0,/Users/umutbideci/Desktop/Projects/Cliniscope/image-scraper/output/approved/Koray_Erdoğan_Asmed_klinik,output/report_Koray_Erdoğan_Asmed_klinik.csv
Kramer Medical - Hair Transplant klinik,0,0,0,/Users/umutbideci/Desktop/Projects/Cliniscope/image-scraper/output/approved/Kramer_Medical_-_Hair_Transplant_klinik,output/report_Kramer_Medical_-_Hair_Transplant_klinik.csv
Kurmay Celen klinik,0,0,0,/Users/umutbideci/Desktop/Projects/Cliniscope/image-scraper/output/approved/Kurmay_Celen_klinik,output/report_Kurmay_Celen_klinik.csv
Lenus Clinic klinik,0,0,0,/Users/umutbideci/Desktop/Projects/Cliniscope/image-scraper/output/approved/Lenus_Clinic_klinik,output/report_Lenus_Clinic_klinik.csv
Leyla Arvas klinik,0,0,0,/Users/umutbideci/Desktop/Projects/Cliniscope/image-scraper/output/approved/Leyla_Arvas_klinik,output/report_Leyla_Arvas_klinik.csv
Liv Hastanesi Ulus klinik,0,0,0,/Users/umutbideci/Desktop/Projects/Cliniscope/image-scraper/output/approved/Liv_Hastanesi_Ulus_klinik,output/report_Liv_Hastanesi_Ulus_klinik.csv
Live Hair Clinic klinik,0,0,0,/Users/umutbideci/Desktop/Projects/Cliniscope/image-scraper/output/approved/Live_Hair_Clinic_klinik,output/report_Live_Hair_Clinic_klinik.csv
Longevita Hair Transplant - Istanbul klinik,0,0,0,/Users/umutbideci/Desktop/Projects/Cliniscope/image-scraper/output/approved/Longevita_Hair_Transplant_-_Istanbul_klinik,output/report_Longevita_Hair_Transplant_-_Istanbul_klinik.csv
Maral Hair Transplant klinik,0,0,0,/Users/umutbideci/Desktop/Projects/Cliniscope/image-scraper/output/approved/Maral_Hair_Transplant_klinik,output/report_Maral_Hair_Transplant_klinik.csv
Mayclinik Hair Transplant klinik,0,0,0,/Users/umutbideci/Desktop/Projects/Cliniscope/image-scraper/output/approved/Mayclinik_Hair_Transplant_klinik,output/report_Mayclinik_Hair_Transplant_klinik.csv
Medplus Hair Clinic Turkey klinik,0,0,0,/Users/umutbideci/Desktop/Projects/Cliniscope/image-scraper/output/approved/Medplus_Hair_Clinic_Turkey_klinik,output/report_Medplus_Hair_Clinic_Turkey_klinik.csv
Medcity Clinic klinik,0,0,0,/Users/umutbideci/Desktop/Projects/Cliniscope/image-scraper/output/approved/Medcity_Clinic_klinik,output/report_Medcity_Clinic_klinik.csv
Medeks klinik,0,0,0,/Users/umutbideci/Desktop/Projects/Cliniscope/image-scraper/output/approved/Medeks_klinik,output/report_Medeks_klinik.csv
Medhair Clinic Hair Transplant klinik,0,0,0,/Users/umutbideci/Desktop/Projects/Cliniscope/image-scraper/output/approved/Medhair_Clinic_Hair_Transplant_klinik,output/report_Medhair_Clinic_Hair_Transplant_klinik.csv
Medibeauty Klinik klinik,0,0,0,/Users/umutbideci/Desktop/Projects/Cliniscope/image-scraper/output/approved/Medibeauty_Klinik_klinik,output/report_Medibeauty_Klinik_klinik.csv
Medipol Mega klinik,0,0,0,/Users/umutbideci/Desktop/Projects/Cliniscope/image-scraper/output/approved/Medipol_Mega_klinik,output/report_Medipol_Mega_klinik.csv
Medipol University Pendik Hastanesi klinik,0,0,0,/Users/umutbideci/Desktop/Projects/Cliniscope/image-scraper/output/approved/Medipol_University_Pendik_Hastanesi_klinik,output/report_Medipol_University_Pendik_Hastanesi_klinik.csv
Medireve klinik,0,0,0,/Users/umutbideci/Desktop/Projects/Cliniscope/image-scraper/output/approved/Medireve_klinik,output/report_Medireve_klinik.csv
Medipunto Clinic klinik,0,0,0,/Users/umutbideci/Desktop/Projects/Cliniscope/image-scraper/output/approved/Medipunto_Clinic_klinik,output/report_Medipunto_Clinic_klinik.csv
Medispa Clinic Turkey klinik,0,0,0,/Users/umutbideci/Desktop/Projects/Cliniscope/image-scraper/output/approved/Medispa_Clinic_Turkey_klinik,output/report_Medispa_Clinic_Turkey_klinik.csv
Mediterra Clinic klinik,0,0,0,/Users/umutbideci/Desktop/Projects/Cliniscope/image-scraper/output/approved/Mediterra_Clinic_klinik,output/report_Mediterra_Clinic_klinik.csv
Medlife Group - Hair Transplant klinik,0,0,0,/Users/umutbideci/Desktop/Projects/Cliniscope/image-scraper/output/approved/Medlife_Group_-_Hair_Transplant_klinik,output/report_Medlife_Group_-_Hair_Transplant_klinik.csv
Mehmet Erdogan klinik,0,0,0,/Users/umutbideci/Desktop/Projects/Cliniscope/image-scraper/output/approved/Mehmet_Erdogan_klinik,output/report_Mehmet_Erdogan_klinik.csv
Mehmet Simsek klinik,0,0,0,/Users/umutbideci/Desktop/Projects/Cliniscope/image-scraper/output/approved/Mehmet_Simsek_klinik,output/report_Mehmet_Simsek_klinik.csv
Memorial Bahçelievler Hastanesi klinik,0,0,0,/Users/umutbideci/Desktop/Projects/Cliniscope/image-scraper/output/approved/Memorial_Bahçelievler_Hastanesi_klinik,output/report_Memorial_Bahçelievler_Hastanesi_klinik.csv
Murat Makascı Clinic klinik,0,0,0,/Users/umutbideci/Desktop/Projects/Cliniscope/image-scraper/output/approved/Murat_Makascı_Clinic_klinik,output/report_Murat_Makascı_Clinic_klinik.csv
Nk Klinik Op. Dr. Nihat Kaya klinik,0,0,0,/Users/umutbideci/Desktop/Projects/Cliniscope/image-scraper/output/approved/Nk_Klinik_Op_Dr_Nihat_Kaya_klinik,output/report_Nk_Klinik_Op_Dr_Nihat_Kaya_klinik.csv
Ns Hair Clinic klinik,0,0,0,/Users/umutbideci/Desktop/Projects/Cliniscope/image-scraper/output/approved/Ns_Hair_Clinic_klinik,output/report_Ns_Hair_Clinic_klinik.csv
Naci Karacaoglan klinik,0,0,0,/Users/umutbideci/Desktop/Projects/Cliniscope/image-scraper/output/approved/Naci_Karacaoglan_klinik,output/report_Naci_Karacaoglan_klinik.csv
Noa Sac Ekimi klinik,0,0,0,/Users/umutbideci/Desktop/Projects/Cliniscope/image-scraper/output/approved/Noa_Sac_Ekimi_klinik,output/report_Noa_Sac_Ekimi_klinik.csv
Nimclinic klinik,0,0,0,/Users/umutbideci/Desktop/Projects/Cliniscope/image-scraper/output/approved/Nimclinic_klinik,output/report_Nimclinic_klinik.csv
North Hair Transplant klinik,0,0,0,/Users/umutbideci/Desktop/Projects/Cliniscope/image-scraper/output/approved/North_Hair_Transplant_klinik,output/report_North_Hair_Transplant_klinik.csv
Now Hair Time klinik,0,0,0,/Users/umutbideci/Desktop/Projects/Cliniscope/image-scraper/output/approved/Now_Hair_Time_klinik,output/report_Now_Hair_Time_klinik.csv
Now Aesthetic klinik,0,0,0,/Users/umutbideci/Desktop/Projects/Cliniscope/image-scraper/output/approved/Now_Aesthetic_klinik,output/report_Now_Aesthetic_klinik.csv
Noya Hair Transplant klinik,0,0,0,/Users/umutbideci/Desktop/Projects/Cliniscope/image-scraper/output/approved/Noya_Hair_Transplant_klinik,output/report_Noya_Hair_Transplant_klinik.csv
Nur Hair Center klinik,0,0,0,/Users/umutbideci/Desktop/Projects/Cliniscope/image-scraper/output/approved/Nur_Hair_Center_klinik,output/report_Nur_Hair_Center_klinik.csv
Otek Hair Clinic klinik,0,0,0,/Users/umutbideci/Desktop/Projects/Cliniscope/image-scraper/output/approved/Otek_Hair_Clinic_klinik,output/report_Otek_Hair_Clinic_klinik.csv
Omer Calka klinik,0,0,0,/Users/umutbideci/Desktop/Projects/Cliniscope/image-scraper/output/approved/Omer_Calka_klinik,output/report_Omer_Calka_klinik.csv
Omer Ozkan Klinik klinik,0,0,0,/Users/umutbideci/Desktop/Projects/Cliniscope/image-scraper/output/approved/Omer_Ozkan_Klinik_klinik,output/report_Omer_Ozkan_Klinik_klinik.csv
One Hair Clinic klinik,0,0,0,/Users/umutbideci/Desktop/Projects/Cliniscope/image-scraper/output/approved/One_Hair_Clinic_klinik,output/report_One_Hair_Clinic_klinik.csv
Onep Plastic Surgery Longevity Clinic klinik,0,0,0,/Users/umutbideci/Desktop/Projects/Cliniscope/image-scraper/output/approved/Onep_Plastic_Surgery_Longevity_Clinic_klinik,output/report_Onep_Plastic_Surgery_Longevity_Clinic_klinik.csv
Op Dr Ayse Ozturk klinik,0,0,0,/Users/umutbideci/Desktop/Projects/Cliniscope/image-scraper/output/approved/Op_Dr_Ayse_Ozturk_klinik,output/report_Op_Dr_Ayse_Ozturk_klinik.csv
Op Dr Tolga Yener Aethetic Clinic klinik,0,0,0,/Users/umutbideci/Desktop/Projects/Cliniscope/image-scraper/output/approved/Op_Dr_Tolga_Yener_Aethetic_Clinic_klinik,output/report_Op_Dr_Tolga_Yener_Aethetic_Clinic_klinik.csv
Op Dr İlhan Serdaroğlu klinik,0,0,0,/Users/umutbideci/Desktop/Projects/Cliniscope/image-scraper/output/approved/Op_Dr_İlhan_Serdaroğlu_klinik,output/report_Op_Dr_İlhan_Serdaroğlu_klinik.csv
Op. Dr. Ahmet Aksoylar klinik,0,0,0,/Users/umutbideci/Desktop/Projects/Cliniscope/image-scraper/output/approved/Op_Dr_Ahmet_Aksoylar_klinik,output/report_Op_Dr_Ahmet_Aksoylar_klinik.csv
Op. Dr. Ali Tufan Soydan Estetik Ve Plastik Cerrah klinik,0,0,0,/Users/umutbideci/Desktop/Projects/Cliniscope/image-scraper/output/approved/Op_Dr_Ali_Tufan_Soydan_Estetik_Ve_Plastik_Cerrah_klinik,output/report_Op_Dr_Ali_Tufan_Soydan_Estetik_Ve_Plastik_Cerrah_klinik.csv
Op. Dr. Beşir Öner klinik,0,0,0,/Users/umutbideci/Desktop/Projects/Cliniscope/image-scraper/output/approved/Op_Dr_Beşir_Öner_klinik,output/report_Op_Dr_Beşir_Öner_klinik.csv
Op. Dr. Ferruh Bingul klinik,0,0,0,/Users/umutbideci/Desktop/Projects/Cliniscope/image-scraper/output/approved/Op_Dr_Ferruh_Bingul_klinik,output/report_Op_Dr_Ferruh_Bingul_klinik.csv
Op. Dr. Onur Serin klinik,0,0,0,/Users/umutbideci/Desktop/Projects/Cliniscope/image-scraper/output/approved/Op_Dr_Onur_Serin_klinik,output/report_Op_Dr_Onur_Serin_klinik.csv
Op. Dr. Selçuk Yüce klinik,0,0,0,/Users/umutbideci/Desktop/Projects/Cliniscope/image-scraper/output/approved/Op_Dr_Selçuk_Yüce_klinik,output/report_Op_Dr_Selçuk_Yüce_klinik.csv
Op. Dr. Sema Özden Clinic klinik,0,0,0,/Users/umutbideci/Desktop/Projects/Cliniscope/image-scraper/output/approved/Op_Dr_Sema_Özden_Clinic_klinik,output/report_Op_Dr_Sema_Özden_Clinic_klinik.csv
Op. Dr. Taner Korkut klinik,0,0,0,/Users/umutbideci/Desktop/Projects/Cliniscope/image-scraper/output/approved/Op_Dr_Taner_Korkut_klinik,output/report_Op_Dr_Taner_Korkut_klinik.csv
Op. Dr. İlhan Pekdemir klinik,0,0,0,/Users/umutbideci/Desktop/Projects/Cliniscope/image-scraper/output/approved/Op_Dr_İlhan_Pekdemir_klinik,output/report_Op_Dr_İlhan_Pekdemir_klinik.csv
Op.dr Melike Erdim klinik,0,0,0,/Users/umutbideci/Desktop/Projects/Cliniscope/image-scraper/output/approved/Opdr_Melike_Erdim_klinik,output/report_Opdr_Melike_Erdim_klinik.csv
Op.dr. Avni Hakan Ölmeztürk klinik,0,0,0,/Users/umutbideci/Desktop/Projects/Cliniscope/image-scraper/output/approved/Opdr_Avni_Hakan_Ölmeztürk_klinik,output/report_Opdr_Avni_Hakan_Ölmeztürk_klinik.csv
Op.dr. Aydın Tekgöz - Aesthetic Surgeon & Hair Transplant Specialist klinik,0,0,0,/Users/umutbideci/Desktop/Projects/Cliniscope/image-scraper/output/approved/Opdr_Aydın_Tekgöz_-_Aesthetic_Surgeon_Hair_Transplant_Specialist,output/report_Opdr_Aydın_Tekgöz_-_Aesthetic_Surgeon_Hair_Transplant_Specialist.csv
Op.dr.m.nebil Bozdoğan klinik,0,0,0,/Users/umutbideci/Desktop/Projects/Cliniscope/image-scraper/output/approved/Opdrmnebil_Bozdoğan_klinik,output/report_Opdrmnebil_Bozdoğan_klinik.csv
Op.dr.tamer Yavas klinik,0,0,0,/Users/umutbideci/Desktop/Projects/Cliniscope/image-scraper/output/approved/Opdrtamer_Yavas_klinik,output/report_Opdrtamer_Yavas_klinik.csv
Opr. Dr. Ayaz Aslan klinik,0,0,0,/Users/umutbideci/Desktop/Projects/Cliniscope/image-scraper/output/approved/Opr_Dr_Ayaz_Aslan_klinik,output/report_Opr_Dr_Ayaz_Aslan_klinik.csv
Orbismed Clinics klinik,0,0,0,/Users/umutbideci/Desktop/Projects/Cliniscope/image-scraper/output/approved/Orbismed_Clinics_klinik,output/report_Orbismed_Clinics_klinik.csv
Ozel Vera Poliklinigi klinik,0,0,0,/Users/umutbideci/Desktop/Projects/Cliniscope/image-scraper/output/approved/Ozel_Vera_Poliklinigi_klinik,output/report_Ozel_Vera_Poliklinigi_klinik.csv
Ozlem Bicer klinik,0,0,0,/Users/umutbideci/Desktop/Projects/Cliniscope/image-scraper/output/approved/Ozlem_Bicer_klinik,output/report_Ozlem_Bicer_klinik.csv
Plasti̇c Surgery Turkey Group klinik,0,0,0,/Users/umutbideci/Desktop/Projects/Cliniscope/image-scraper/output/approved/Plastic_Surgery_Turkey_Group_klinik,output/report_Plastic_Surgery_Turkey_Group_klinik.csv
Poss Clinic klinik,0,0,0,/Users/umutbideci/Desktop/Projects/Cliniscope/image-scraper/output/approved/Poss_Clinic_klinik,output/report_Poss_Clinic_klinik.csv
Peraclinic Hair Transplant And Aesthetic klinik,0,0,0,/Users/umutbideci/Desktop/Projects/Cliniscope/image-scraper/output/approved/Peraclinic_Hair_Transplant_And_Aesthetic_klinik,output/report_Peraclinic_Hair_Transplant_And_Aesthetic_klinik.csv
Perlaplusmed klinik,0,0,0,/Users/umutbideci/Desktop/Projects/Cliniscope/image-scraper/output/approved/Perlaplusmed_klinik,output/report_Perlaplusmed_klinik.csv
Prof Dr Ali Rıza Erçöçen klinik,0,0,0,/Users/umutbideci/Desktop/Projects/Cliniscope/image-scraper/output/approved/Prof_Dr_Ali_Rıza_Erçöçen_klinik,output/report_Prof_Dr_Ali_Rıza_Erçöçen_klinik.csv
Quartz Hastanesi klinik,0,0,0,/Users/umutbideci/Desktop/Projects/Cliniscope/image-scraper/output/approved/Quartz_Hastanesi_klinik,output/report_Quartz_Hastanesi_klinik.csv
Rnr Hair Clinic klinik,0,0,0,/Users/umutbideci/Desktop/Projects/Cliniscope/image-scraper/output/approved/Rnr_Hair_Clinic_klinik,output/report_Rnr_Hair_Clinic_klinik.csv
Rebornia Hair klinik,0,0,0,/Users/umutbideci/Desktop/Projects/Cliniscope/image-scraper/output/approved/Rebornia_Hair_klinik,output/report_Rebornia_Hair_klinik.csv
Renovaa Clinic klinik,0,0,0,/Users/umutbideci/Desktop/Projects/Cliniscope/image-scraper/output/approved/Renovaa_Clinic_klinik,output/report_Renovaa_Clinic_klinik.csv
Resul Yaman klinik,0,0,0,/Users/umutbideci/Desktop/Projects/Cliniscope/image-scraper/output/approved/Resul_Yaman_klinik,output/report_Resul_Yaman_klinik.csv
Safiye Kurt klinik,0,0,0,/Users/umutbideci/Desktop/Projects/Cliniscope/image-scraper/output/approved/Safiye_Kurt_klinik,output/report_Safiye_Kurt_klinik.csv
Sapphire Hair Clinic klinik,0,0,0,/Users/umutbideci/Desktop/Projects/Cliniscope/image-scraper/output/approved/Sapphire_Hair_Clinic_klinik,output/report_Sapphire_Hair_Clinic_klinik.csv
Sema Aysan Kizildag klinik,0,0,0,/Users/umutbideci/Desktop/Projects/Cliniscope/image-scraper/output/approved/Sema_Aysan_Kizildag_klinik,output/report_Sema_Aysan_Kizildag_klinik.csv
Sema Önkül Hair Clinic klinik,0,0,0,/Users/umutbideci/Desktop/Projects/Cliniscope/image-scraper/output/approved/Sema_Önkül_Hair_Clinic_klinik,output/report_Sema_Önkül_Hair_Clinic_klinik.csv
Seneca Hair klinik,0,0,0,/Users/umutbideci/Desktop/Projects/Cliniscope/image-scraper/output/approved/Seneca_Hair_klinik,output/report_Seneca_Hair_klinik.csv
Sener Kucuk Clinic klinik,0,0,0,/Users/umutbideci/Desktop/Projects/Cliniscope/image-scraper/output/approved/Sener_Kucuk_Clinic_klinik,output/report_Sener_Kucuk_Clinic_klinik.csv
Sercan Aslan Hair Clinic klinik,0,0,0,/Users/umutbideci/Desktop/Projects/Cliniscope/image-scraper/output/approved/Sercan_Aslan_Hair_Clinic_klinik,output/report_Sercan_Aslan_Hair_Clinic_klinik.csv
Sercanaslanhairtransplant klinik,0,0,0,/Users/umutbideci/Desktop/Projects/Cliniscope/image-scraper/output/approved/Sercanaslanhairtransplant_klinik,output/report_Sercanaslanhairtransplant_klinik.csv
Serpil Asam Hair Clinic klinik,0,0,0,/Users/umutbideci/Desktop/Projects/Cliniscope/image-scraper/output/approved/Serpil_Asam_Hair_Clinic_klinik,output/report_Serpil_Asam_Hair_Clinic_klinik.csv
Sevcan Keskin klinik,0,0,0,/Users/umutbideci/Desktop/Projects/Cliniscope/image-scraper/output/approved/Sevcan_Keskin_klinik,output/report_Sevcan_Keskin_klinik.csv
Sevil Kara Reborn klinik,0,0,0,/Users/umutbideci/Desktop/Projects/Cliniscope/image-scraper/output/approved/Sevil_Kara_Reborn_klinik,output/report_Sevil_Kara_Reborn_klinik.csv
Sevilsclinic klinik,0,0,0,/Users/umutbideci/Desktop/Projects/Cliniscope/image-scraper/output/approved/Sevilsclinic_klinik,output/report_Sevilsclinic_klinik.csv
Shabab Look klinik,0,0,0,/Users/umutbideci/Desktop/Projects/Cliniscope/image-scraper/output/approved/Shabab_Look_klinik,output/report_Shabab_Look_klinik.csv
Simsek Clinic klinik,0,0,0,/Users/umutbideci/Desktop/Projects/Cliniscope/image-scraper/output/approved/Simsek_Clinic_klinik,output/report_Simsek_Clinic_klinik.csv
Smile Hair Clinic klinik,0,0,0,/Users/umutbideci/Desktop/Projects/Cliniscope/image-scraper/output/approved/Smile_Hair_Clinic_klinik,output/report_Smile_Hair_Clinic_klinik.csv
Soraca Med Istanbul klinik,0,0,0,/Users/umutbideci/Desktop/Projects/Cliniscope/image-scraper/output/approved/Soraca_Med_Istanbul_klinik,output/report_Soraca_Med_Istanbul_klinik.csv
Smile Zone Turkey klinik,0,0,0,/Users/umutbideci/Desktop/Projects/Cliniscope/image-scraper/output/approved/Smile_Zone_Turkey_klinik,output/report_Smile_Zone_Turkey_klinik.csv
Soracamed Clinic klinik,0,0,0,/Users/umutbideci/Desktop/Projects/Cliniscope/image-scraper/output/approved/Soracamed_Clinic_klinik,output/report_Soracamed_Clinic_klinik.csv
Suna Akyürek klinik,0,0,0,/Users/umutbideci/Desktop/Projects/Cliniscope/image-scraper/output/approved/Suna_Akyürek_klinik,output/report_Suna_Akyürek_klinik.csv
Sultan Özmen Hair Clinic klinik,0,0,0,/Users/umutbideci/Desktop/Projects/Cliniscope/image-scraper/output/approved/Sultan_Özmen_Hair_Clinic_klinik,output/report_Sultan_Özmen_Hair_Clinic_klinik.csv
Suzermed Hair Transplant & Plastic Surgery Center klinik,0,0,0,/Users/umutbideci/Desktop/Projects/Cliniscope/image-scraper/output/approved/Suzermed_Hair_Transplant_Plastic_Surgery_Center_klinik,output/report_Suzermed_Hair_Transplant_Plastic_Surgery_Center_klinik.csv
Thc Aesthetic klinik,0,0,0,/Users/umutbideci/Desktop/Projects/Cliniscope/image-scraper/output/approved/Thc_Aesthetic_klinik,output/report_Thc_Aesthetic_klinik.csv
Taksim Hair klinik,0,0,0,/Users/umutbideci/Desktop/Projects/Cliniscope/image-scraper/output/approved/Taksim_Hair_klinik,output/report_Taksim_Hair_klinik.csv
Tayfun Oğuzoğlu klinik,0,0,0,/Users/umutbideci/Desktop/Projects/Cliniscope/image-scraper/output/approved/Tayfun_Oğuzoğlu_klinik,output/report_Tayfun_Oğuzoğlu_klinik.csv
Tolgahan Alagoz klinik,0,0,0,/Users/umutbideci/Desktop/Projects/Cliniscope/image-scraper/output/approved/Tolgahan_Alagoz_klinik,output/report_Tolgahan_Alagoz_klinik.csv
Turkeyana Clinic - Hair Transplantation klinik,0,0,0,/Users/umutbideci/Desktop/Projects/Cliniscope/image-scraper/output/approved/Turkeyana_Clinic_-_Hair_Transplantation_klinik,output/report_Turkeyana_Clinic_-_Hair_Transplantation_klinik.csv
Ugurcan Sener klinik,0,0,0,/Users/umutbideci/Desktop/Projects/Cliniscope/image-scraper/output/approved/Ugurcan_Sener_klinik,output/report_Ugurcan_Sener_klinik.csv
Uskudar Hospitalturk klinik,0,0,0,/Users/umutbideci/Desktop/Projects/Cliniscope/image-scraper/output/approved/Uskudar_Hospitalturk_klinik,output/report_Uskudar_Hospitalturk_klinik.csv
Uz.dr.şerafettin Saraçoğlu klinik,0,0,0,/Users/umutbideci/Desktop/Projects/Cliniscope/image-scraper/output/approved/Uzdrşerafettin_Saraçoğlu_klinik,output/report_Uzdrşerafettin_Saraçoğlu_klinik.csv
Vanity Cosmetic Surgery Hospital klinik,0,0,0,/Users/umutbideci/Desktop/Projects/Cliniscope/image-scraper/output/approved/Vanity_Cosmetic_Surgery_Hospital_klinik,output/report_Vanity_Cosmetic_Surgery_Hospital_klinik.csv
Vaser Liposuction klinik,0,0,0,/Users/umutbideci/Desktop/Projects/Cliniscope/image-scraper/output/approved/Vaser_Liposuction_klinik,output/report_Vaser_Liposuction_klinik.csv
Vega Hair Center klinik,0,0,0,/Users/umutbideci/Desktop/Projects/Cliniscope/image-scraper/output/approved/Vega_Hair_Center_klinik,output/report_Vega_Hair_Center_klinik.csv
Vera Smile - Dental Clinic klinik,0,0,0,/Users/umutbideci/Desktop/Projects/Cliniscope/image-scraper/output/approved/Vera_Smile_-_Dental_Clinic_klinik,output/report_Vera_Smile_-_Dental_Clinic_klinik.csv
Vialife Clinic klinik,0,0,0,/Users/umutbideci/Desktop/Projects/Cliniscope/image-scraper/output/approved/Vialife_Clinic_klinik,output/report_Vialife_Clinic_klinik.csv
Vital Clinic klinik,0,0,0,/Users/umutbideci/Desktop/Projects/Cliniscope/image-scraper/output/approved/Vital_Clinic_klinik,output/report_Vital_Clinic_klinik.csv
Viva Est klinik,0,0,0,/Users/umutbideci/Desktop/Projects/Cliniscope/image-scraper/output/approved/Viva_Est_klinik,output/report_Viva_Est_klinik.csv
Yeliz Damar Anatolia Hair Clinic klinik,0,0,0,/Users/umutbideci/Desktop/Projects/Cliniscope/image-scraper/output/approved/Yeliz_Damar_Anatolia_Hair_Clinic_klinik,output/report_Yeliz_Damar_Anatolia_Hair_Clinic_klinik.csv
Ali Şahan klinik,0,0,0,/Users/umutbideci/Desktop/Projects/Cliniscope/image-scraper/output/approved/Ali_Şahan_klinik,output/report_Ali_Şahan_klinik.csv
Ceydasimsirhairtransplant klinik,0,0,0,/Users/umutbideci/Desktop/Projects/Cliniscope/image-scraper/output/approved/Ceydasimsirhairtransplant_klinik,output/report_Ceydasimsirhairtransplant_klinik.csv
Cinik klinik,0,0,0,/Users/umutbideci/Desktop/Projects/Cliniscope/image-scraper/output/approved/Cinik_klinik,output/report_Cinik_klinik.csv
Emrah Aslan klinik,0,0,0,/Users/umutbideci/Desktop/Projects/Cliniscope/image-scraper/output/approved/Emrah_Aslan_klinik,output/report_Emrah_Aslan_klinik.csv
Erdem Hospital klinik,0,0,0,/Users/umutbideci/Desktop/Projects/Cliniscope/image-scraper/output/approved/Erdem_Hospital_klinik,output/report_Erdem_Hospital_klinik.csv
Erkam Caymaz klinik,0,0,0,/Users/umutbideci/Desktop/Projects/Cliniscope/image-scraper/output/approved/Erkam_Caymaz_klinik,output/report_Erkam_Caymaz_klinik.csv
Ersin Ulu klinik,0,0,0,/Users/umutbideci/Desktop/Projects/Cliniscope/image-scraper/output/approved/Ersin_Ulu_klinik,output/report_Ersin_Ulu_klinik.csv
Hospitalturk klinik,0,0,0,/Users/umutbideci/Desktop/Projects/Cliniscope/image-scraper/output/approved/Hospitalturk_klinik,output/report_Hospitalturk_klinik.csv
Ilker Manavbaşı klinik,0,0,0,/Users/umutbideci/Desktop/Projects/Cliniscope/image-scraper/output/approved/Ilker_Manavbaşı_klinik,output/report_Ilker_Manavbaşı_klinik.csv
Ibrahim Askar klinik,0,0,0,/Users/umutbideci/Desktop/Projects/Cliniscope/image-scraper/output/approved/Ibrahim_Askar_klinik,output/report_Ibrahim_Askar_klinik.csv
Jale Şenyurt klinik,0,0,0,/Users/umutbideci/Desktop/Projects/Cliniscope/image-scraper/output/approved/Jale_Şenyurt_klinik,output/report_Jale_Şenyurt_klinik.csv
Musa Balta klinik,0,0,0,/Users/umutbideci/Desktop/Projects/Cliniscope/image-scraper/output/approved/Musa_Balta_klinik,output/report_Musa_Balta_klinik.csv
Oya Şişman klinik,0,0,0,/Users/umutbideci/Desktop/Projects/Cliniscope/image-scraper/output/approved/Oya_Şişman_klinik,output/report_Oya_Şişman_klinik.csv
Rebornia klinik,0,0,0,/Users/umutbideci/Desktop/Projects/Cliniscope/image-scraper/output/approved/Rebornia_klinik,output/report_Rebornia_klinik.csv
Sedatsahinn_ klinik,0,0,0,/Users/umutbideci/Desktop/Projects/Cliniscope/image-scraper/output/approved/Sedatsahinn__klinik,output/report_Sedatsahinn__klinik.csv
Seneca klinik,0,0,0,/Users/umutbideci/Desktop/Projects/Cliniscope/image-scraper/output/approved/Seneca_klinik,output/report_Seneca_klinik.csv
Serpil Asam klinik,0,0,0,/Users/umutbideci/Desktop/Projects/Cliniscope/image-scraper/output/approved/Serpil_Asam_klinik,output/report_Serpil_Asam_klinik.csv
Sevil Kara klinik,0,0,0,/Users/umutbideci/Desktop/Projects/Cliniscope/image-scraper/output/approved/Sevil_Kara_klinik,output/report_Sevil_Kara_klinik.csv
Smile Hair klinik,0,0,0,/Users/umutbideci/Desktop/Projects/Cliniscope/image-scraper/output/approved/Smile_Hair_klinik,output/report_Smile_Hair_klinik.csv
Tameryigitart klinik,0,0,0,/Users/umutbideci/Desktop/Projects/Cliniscope/image-scraper/output/approved/Tameryigitart_klinik,output/report_Tameryigitart_klinik.csv
Tarik Cavusoglu klinik,0,0,0,/Users/umutbideci/Desktop/Projects/Cliniscope/image-scraper/output/approved/Tarik_Cavusoglu_klinik,output/report_Tarik_Cavusoglu_klinik.csv
Vega klinik,0,0,0,/Users/umutbideci/Desktop/Projects/Cliniscope/image-scraper/output/approved/Vega_klinik,output/report_Vega_klinik.csv
Yetkin Bayer klinik,0,0,0,/Users/umutbideci/Desktop/Projects/Cliniscope/image-scraper/output/approved/Yetkin_Bayer_klinik,output/report_Yetkin_Bayer_klinik.csv
Ysrael.gallery klinik,0,0,0,/Users/umutbideci/Desktop/Projects/Cliniscope/image-scraper/output/approved/Ysraelgallery_klinik,output/report_Ysraelgallery_klinik.csv
Zenonlallier klinik,0,0,0,/Users/umutbideci/Desktop/Projects/Cliniscope/image-scraper/output/approved/Zenonlallier_klinik,output/report_Zenonlallier_klinik.csv
Ziya Yavuz klinik,0,0,0,/Users/umutbideci/Desktop/Projects/Cliniscope/image-scraper/output/approved/Ziya_Yavuz_klinik,output/report_Ziya_Yavuz_klinik.csv
Özel Epc Hastanesi klinik,0,0,0,/Users/umutbideci/Desktop/Projects/Cliniscope/image-scraper/output/approved/Özel_Epc_Hastanesi_klinik,output/report_Özel_Epc_Hastanesi_klinik.csv
Özgür Öztan klinik,0,0,0,/Users/umutbideci/Desktop/Projects/Cliniscope/image-scraper/output/approved/Özgür_Öztan_klinik,output/report_Özgür_Öztan_klinik.csv
Özgür Koldaş klinik,0,0,0,/Users/umutbideci/Desktop/Projects/Cliniscope/image-scraper/output/approved/Özgür_Koldaş_klinik,output/report_Özgür_Koldaş_klinik.csv
İlyas Arslan Hair Clinic klinik,0,0,0,/Users/umutbideci/Desktop/Projects/Cliniscope/image-scraper/output/approved/İlyas_Arslan_Hair_Clinic_klinik,output/report_İlyas_Arslan_Hair_Clinic_klinik.csv
Life Hair klinik,0,0,0,/Users/umutbideci/Desktop/Projects/Cliniscope/image-scraper/output/approved/Life_Hair_klinik,output/report_Life_Hair_klinik.csv
Ahmet Tosun klinik,0,0,0,/Users/umutbideci/Desktop/Projects/Cliniscope/image-scraper/output/approved/Ahmet_Tosun_klinik,output/report_Ahmet_Tosun_klinik.csv
Ers Clinic klinik,0,0,0,/Users/umutbideci/Desktop/Projects/Cliniscope/image-scraper/output/approved/Ers_Clinic_klinik,output/report_Ers_Clinic_klinik.csv
Mehmet Sezgin klinik,0,0,0,/Users/umutbideci/Desktop/Projects/Cliniscope/image-scraper/output/approved/Mehmet_Sezgin_klinik,output/report_Mehmet_Sezgin_klinik.csv
Academic Hospital klinik,0,0,0,/Users/umutbideci/Desktop/Projects/Cliniscope/image-scraper/output/approved/Academic_Hospital_klinik,output/report_Academic_Hospital_klinik.csv
Sibel Ulusan klinik,0,0,0,/Users/umutbideci/Desktop/Projects/Cliniscope/image-scraper/output/approved/Sibel_Ulusan_klinik,output/report_Sibel_Ulusan_klinik.csv
Asuman Hair klinik,0,0,0,/Users/umutbideci/Desktop/Projects/Cliniscope/image-scraper/output/approved/Asuman_Hair_klinik,output/report_Asuman_Hair_klinik.csv
Estepro klinik,0,0,0,/Users/umutbideci/Desktop/Projects/Cliniscope/image-scraper/output/approved/Estepro_klinik,output/report_Estepro_klinik.csv
Likya Hair klinik,0,0,0,/Users/umutbideci/Desktop/Projects/Cliniscope/image-scraper/output/approved/Likya_Hair_klinik,output/report_Likya_Hair_klinik.csv
Asmed klinik,0,0,0,/Users/umutbideci/Desktop/Projects/Cliniscope/image-scraper/output/approved/Asmed_klinik,output/report_Asmed_klinik.csv
Sultan Özmen klinik,0,0,0,/Users/umutbideci/Desktop/Projects/Cliniscope/image-scraper/output/approved/Sultan_Özmen_klinik,output/report_Sultan_Özmen_klinik.csv
Dr Hakan Clinic klinik,0,0,0,/Users/umutbideci/Desktop/Projects/Cliniscope/image-scraper/output/approved/Dr_Hakan_Clinic_klinik,output/report_Dr_Hakan_Clinic_klinik.csv
Zafer Ulusan klinik,0,0,0,/Users/umutbideci/Desktop/Projects/Cliniscope/image-scraper/output/approved/Zafer_Ulusan_klinik,output/report_Zafer_Ulusan_klinik.csv
Drt Hair klinik,0,0,0,/Users/umutbideci/Desktop/Projects/Cliniscope/image-scraper/output/approved/Drt_Hair_klinik,output/report_Drt_Hair_klinik.csv
Canhair klinik,0,0,0,/Users/umutbideci/Desktop/Projects/Cliniscope/image-scraper/output/approved/Canhair_klinik,output/report_Canhair_klinik.csv
Qht Regrow Clinic klinik,0,0,0,/Users/umutbideci/Desktop/Projects/Cliniscope/image-scraper/output/approved/Qht_Regrow_Clinic_klinik,output/report_Qht_Regrow_Clinic_klinik.csv
Mega Hair Trans klinik,0,0,0,/Users/umutbideci/Desktop/Projects/Cliniscope/image-scraper/output/approved/Mega_Hair_Trans_klinik,output/report_Mega_Hair_Trans_klinik.csv
Emphair klinik,0,0,0,/Users/umutbideci/Desktop/Projects/Cliniscope/image-scraper/output/approved/Emphair_klinik,output/report_Emphair_klinik.csv
Bilgehan Aydın klinik,0,0,0,/Users/umutbideci/Desktop/Projects/Cliniscope/image-scraper/output/approved/Bilgehan_Aydın_klinik,output/report_Bilgehan_Aydın_klinik.csv
Long Hair Center klinik,0,0,0,/Users/umutbideci/Desktop/Projects/Cliniscope/image-scraper/output/approved/Long_Hair_Center_klinik,output/report_Long_Hair_Center_klinik.csv
Real Hair Center klinik,0,0,0,/Users/umutbideci/Desktop/Projects/Cliniscope/image-scraper/output/approved/Real_Hair_Center_klinik,output/report_Real_Hair_Center_klinik.csv
Yaman Tıp Merkezi klinik,0,0,0,/Users/umutbideci/Desktop/Projects/Cliniscope/image-scraper/output/approved/Yaman_Tıp_Merkezi_klinik,output/report_Yaman_Tıp_Merkezi_klinik.csv
Suat Çiçek klinik,0,0,0,/Users/umutbideci/Desktop/Projects/Cliniscope/image-scraper/output/approved/Suat_Çiçek_klinik,output/report_Suat_Çiçek_klinik.csv
Estemylife klinik,0,0,0,/Users/umutbideci/Desktop/Projects/Cliniscope/image-scraper/output/approved/Estemylife_klinik,output/report_Estemylife_klinik.csv
Esteticare klinik,0,0,0,/Users/umutbideci/Desktop/Projects/Cliniscope/image-scraper/output/approved/Esteticare_klinik,output/report_Esteticare_klinik.csv
Esthetica klinik,0,0,0,/Users/umutbideci/Desktop/Projects/Cliniscope/image-scraper/output/approved/Esthetica_klinik,output/report_Esthetica_klinik.csv
Clinicexpert klinik,0,0,0,/Users/umutbideci/Desktop/Projects/Cliniscope/image-scraper/output/approved/Clinicexpert_klinik,output/report_Clinicexpert_klinik.csv
Estefavor klinik,0,0,0,/Users/umutbideci/Desktop/Projects/Cliniscope/image-scraper/output/approved/Estefavor_klinik,output/report_Estefavor_klinik.csv
Emsey Hastanesi klinik,0,0,0,/Users/umutbideci/Desktop/Projects/Cliniscope/image-scraper/output/approved/Emsey_Hastanesi_klinik,output/report_Emsey_Hastanesi_klinik.csv
Özgür Nalbant klinik,0,0,0,/Users/umutbideci/Desktop/Projects/Cliniscope/image-scraper/output/approved/Özgür_Nalbant_klinik,output/report_Özgür_Nalbant_klinik.csv
Isveç Clinic klinik,0,0,0,/Users/umutbideci/Desktop/Projects/Cliniscope/image-scraper/output/approved/Isveç_Clinic_klinik,output/report_Isveç_Clinic_klinik.csv
Arenamed klinik,0,0,0,/Users/umutbideci/Desktop/Projects/Cliniscope/image-scraper/output/approved/Arenamed_klinik,output/report_Arenamed_klinik.csv
Bilgehan Aydın klinik,0,0,0,/Users/umutbideci/Desktop/Projects/Cliniscope/image-scraper/output/approved/Bilgehan_Aydın_klinik,output/report_Bilgehan_Aydın_klinik.csv
Roza klinik,0,0,0,/Users/umutbideci/Desktop/Projects/Cliniscope/image-scraper/output/approved/Roza_klinik,output/report_Roza_klinik.csv
Zekeriya Kul klinik,0,0,0,/Users/umutbideci/Desktop/Projects/Cliniscope/image-scraper/output/approved/Zekeriya_Kul_klinik,output/report_Zekeriya_Kul_klinik.csv
Medpoint klinik,0,0,0,/Users/umutbideci/Desktop/Projects/Cliniscope/image-scraper/output/approved/Medpoint_klinik,output/report_Medpoint_klinik.csv
Melek Polat klinik,0,0,0,/Users/umutbideci/Desktop/Projects/Cliniscope/image-scraper/output/approved/Melek_Polat_klinik,output/report_Melek_Polat_klinik.csv
Hairchiefs klinik,0,0,0,/Users/umutbideci/Desktop/Projects/Cliniscope/image-scraper/output/approved/Hairchiefs_klinik,output/report_Hairchiefs_klinik.csv
Ayyildiz Esthetic klinik,0,0,0,/Users/umutbideci/Desktop/Projects/Cliniscope/image-scraper/output/approved/Ayyildiz_Esthetic_klinik,output/report_Ayyildiz_Esthetic_klinik.csv
Estemiami klinik,0,0,0,/Users/umutbideci/Desktop/Projects/Cliniscope/image-scraper/output/approved/Estemiami_klinik,output/report_Estemiami_klinik.csv
Hermest klinik,0,0,0,/Users/umutbideci/Desktop/Projects/Cliniscope/image-scraper/output/approved/Hermest_klinik,output/report_Hermest_klinik.csv
Estemylife klinik,0,0,0,/Users/umutbideci/Desktop/Projects/Cliniscope/image-scraper/output/approved/Estemylife_klinik,output/report_Estemylife_klinik.csv
Egeshairclinic klinik,0,0,0,/Users/umutbideci/Desktop/Projects/Cliniscope/image-scraper/output/approved/Egeshairclinic_klinik,output/report_Egeshairclinic_klinik.csv
Esteliv klinik,0,0,0,/Users/umutbideci/Desktop/Projects/Cliniscope/image-scraper/output/approved/Esteliv_klinik,output/report_Esteliv_klinik.csv
Trabzon Imperial klinik,0,0,0,/Users/umutbideci/Desktop/Projects/Cliniscope/image-scraper/output/approved/Trabzon_Imperial_klinik,output/report_Trabzon_Imperial_klinik.csv
